Actual Price,Predicted Price,Difference
365000.0,364631.4882310033,-368.51176899671555
865000.0,818962.6818799525,-46037.31812004745
1038000.0,1228665.226602003,190665.22660200298
1490000.0,1461243.4152016938,-28756.584798306227
711000.0,699562.139431119,-11437.860568881035
211000.0,199269.52048175037,-11730.479518249631
790000.0,786771.170911327,-3228.8290886729956
680000.0,682454.0750175864,2454.0750175863504
384500.0,399262.15266518295,14762.152665182948
605000.0,629770.254912287,24770.254912286997
638000.0,693264.3633402735,55264.3633402735
385000.0,451782.64044998586,66782.64044998586
175000.0,270538.3264094293,95538.32640942931
365000.0,422305.56226818264,57305.562268182635
160000.0,168040.36414693296,8040.36414693296
1070000.0,1042094.2336385399,-27905.76636146009
800000.0,849835.6765078604,49835.67650786042
795127.0,1082693.1041771919,287566.10417719185
355000.0,311488.4317409545,-43511.56825904548
474000.0,479710.95508909225,5710.955089092255
485000.0,319888.12445639074,-165111.87554360926
930000.0,1268039.5918278694,338039.5918278694
920000.0,727923.2597521394,-192076.74024786055
560000.0,772122.5293852389,212122.5293852389
654000.0,545573.6858990788,-108426.31410092115
549000.0,486571.62739644945,-62428.37260355055
290000.0,181479.06744861603,-108520.93255138397
275000.0,99260.55788193643,-175739.44211806357
329990.0,403853.97307130694,73863.97307130694
750000.0,753646.9993701577,3646.9993701577187
425000.0,468095.89044578373,43095.890445783734
515000.0,549505.8841593713,34505.88415937126
605000.0,572663.6556838155,-32336.34431618452
250000.0,310869.62057326734,60869.62057326734
330000.0,414807.0295895785,84807.02958957851
984000.0,1093797.6177998781,109797.61779987812
827500.0,940696.7136976868,113196.71369768679
485000.0,466010.5027291775,-18989.497270822525
306000.0,339487.8194896579,33487.81948965788
1890000.0,1677533.6779054403,-212466.32209455967
514000.0,483770.5080091506,-30229.491990849376
282613.0,209904.26887199283,-72708.73112800717
309000.0,440458.65912362933,131458.65912362933
400000.0,295496.34746554494,-104503.65253445506
310000.0,105610.89044886827,-204389.10955113173
253200.0,189046.4282501042,-64153.57174989581
334009.0,386423.96246376634,52414.96246376634
500000.0,504554.0139789283,4554.013978928328
441500.0,431232.3288822621,-10267.67111773789
685000.0,958950.7669139653,273950.76691396534
327000.0,415243.384678036,88243.38467803597
450000.0,514727.05829936266,64727.05829936266
356000.0,473750.1705495119,117750.17054951191
525000.0,487910.95388129354,-37089.046118706465
675000.0,631119.4999115169,-43880.500088483095
875000.0,1107610.8502555043,232610.85025550425
345000.0,357882.26239162683,12882.262391626835
695000.0,763625.1395858526,68625.13958585262
350000.0,406335.20147776604,56335.20147776604
695000.0,680655.8167407066,-14344.183259293437
400000.0,487017.1828523278,87017.18285232782
330000.0,314605.72148670256,-15394.278513297439
265000.0,114684.19480264187,-150315.80519735813
630000.0,596288.1310787499,-33711.868921250105
312000.0,531497.3793319613,219497.37933196127
156000.0,100419.71407200396,-55580.28592799604
300000.0,349947.60839651525,49947.60839651525
1225000.0,1476071.0521090478,251071.05210904777
465000.0,649497.8971495926,184497.89714959264
923990.0,923104.8370852768,-885.1629147231579
320000.0,328268.1502416581,8268.150241658092
375000.0,270664.3533741385,-104335.64662586153
985000.0,969671.0401112288,-15328.959888771176
850000.0,1157509.3349204063,307509.33492040634
474900.0,526250.5327516496,51350.53275164962
997000.0,919063.5371014327,-77936.46289856732
1302000.0,1125109.8831466883,-176890.11685331166
209900.0,80449.0124438554,-129450.9875561446
602000.0,569845.4242430329,-32154.575756967068
1228000.0,1529376.7735005766,301376.7735005766
856000.0,712926.4346659034,-143073.56533409655
392000.0,434184.7393011004,42184.73930110037
500000.0,679853.4431482553,179853.44314825535
230000.0,157671.16929733753,-72328.83070266247
1145000.0,960156.8692189902,-184843.1307810098
560000.0,635340.9443307668,75340.9443307668
355000.0,551969.455088973,196969.45508897305
785000.0,1024886.7727611959,239886.7727611959
447500.0,466058.12547554076,18558.125475540757
540000.0,519285.2665846199,-20714.73341538012
252000.0,141206.98743405938,-110793.01256594062
455000.0,294998.07971583307,-160001.92028416693
619850.0,678769.3045618981,58919.30456189811
1250000.0,1079068.6247869432,-170931.3752130568
495000.0,471107.2089179903,-23892.791082009673
540000.0,516112.16409789026,-23887.835902109742
286651.0,352784.0693818331,66133.06938183308
261000.0,229072.42667530477,-31927.57332469523
830000.0,832665.0480395108,2665.048039510846
450000.0,541827.763799727,91827.76379972696
260000.0,152234.35058020055,-107765.64941979945
1450000.0,1391518.1229595393,-58481.877040460706
480000.0,771943.4450268298,291943.44502682984
270000.0,431414.99585309625,161414.99585309625
1160000.0,1160099.939295113,99.9392951130867
250000.0,268874.95208378136,18874.95208378136
650000.0,483317.01879774034,-166682.98120225966
589950.0,608769.9249919355,18819.92499193549
743700.0,743447.1236310899,-252.87636891007423
1925000.0,1443044.2573805004,-481955.74261949956
316000.0,281297.2933550924,-34702.706644907594
235867.0,154695.71306090057,-81171.28693909943
716000.0,744863.050077483,28863.050077483058
683000.0,717355.5586411208,34355.55864112079
345000.0,617683.1933937073,272683.1933937073
270000.0,223727.7172460407,-46272.2827539593
239000.0,141521.82582357526,-97478.17417642474
385195.0,216189.62790557742,-169005.37209442258
273000.0,309826.82219824195,36826.82219824195
476900.0,418326.24318249524,-58573.75681750476
551000.0,588783.140979901,37783.140979900956
448000.0,408580.1297131628,-39419.87028683722
411100.0,417738.791750595,6638.791750594974
223000.0,67195.56327320635,-155804.43672679365
335500.0,408542.9302712679,73042.93027126789
730000.0,748800.0716901869,18800.071690186858
197200.0,169464.20852336287,-27735.791476637125
725000.0,816759.5312656611,91759.53126566112
342500.0,333803.4048691839,-8696.595130816102
340000.0,363790.96759568155,23790.967595681548
418000.0,569888.1769204587,151888.17692045867
410000.0,554576.1062740386,144576.10627403855
240000.0,224165.4747442901,-15834.525255709887
800000.0,774927.3026483357,-25072.697351664305
275000.0,275398.26437950134,398.2643795013428
617950.0,603311.0847073942,-14638.915292605758
396000.0,332002.7461066395,-63997.253893360496
309000.0,252495.18937955797,-56504.81062044203
1275000.0,1205244.3949252665,-69755.6050747335
572500.0,616453.1838053167,43953.18380531669
518500.0,501227.7761876583,-17272.22381234169
710000.0,785862.2947111875,75862.29471118748
600000.0,729123.4318400621,129123.43184006214
467000.0,417679.84073252976,-49320.15926747024
309000.0,103323.218042925,-205676.781957075
362500.0,412800.8122088313,50300.81220883131
390000.0,461984.27069708705,71984.27069708705
208417.0,93581.09493602812,-114835.90506397188
340000.0,453634.2901426852,113634.29014268517
467500.0,490657.3426903933,23157.34269039333
829000.0,811869.6095623672,-17130.3904376328
959750.0,956637.3079057187,-3112.692094281316
542000.0,600543.6283987015,58543.62839870155
2250000.0,1375141.2261073738,-874858.7738926262
575000.0,843803.4571737647,268803.4571737647
690000.0,679497.6631275266,-10502.33687247336
699950.0,733570.0404987931,33620.040498793125
408500.0,485739.80365262926,77239.80365262926
595000.0,798274.8640913665,203274.86409136653
313000.0,388359.8378162235,75359.8378162235
781000.0,743946.5615027994,-37053.43849720061
371000.0,403337.3174652904,32337.317465290427
268000.0,218823.38461570442,-49176.61538429558
331000.0,300856.3056873381,-30143.694312661886
321000.0,257072.82278855145,-63927.17721144855
375000.0,347015.73598246276,-27984.264017537236
298000.0,91491.38953256607,-206508.61046743393
209500.0,252039.06280702353,42539.062807023525
440000.0,579972.5743464231,139972.57434642315
350000.0,426563.88914491236,76563.88914491236
618000.0,778072.8611228317,160072.8611228317
320000.0,353100.58853800595,33100.58853800595
234950.0,319116.0484687686,84166.0484687686
665000.0,756452.7207099646,91452.72070996463
500000.0,383890.3412449062,-116109.65875509381
575000.0,363475.61592271924,-211524.38407728076
320000.0,244718.97845083475,-75281.02154916525
464000.0,679779.5557852983,215779.55578529835
280000.0,165332.7447360307,-114667.2552639693
350000.0,261953.92478702962,-88046.07521297038
249000.0,268802.8031164855,19802.803116485476
531000.0,516848.9080284387,-14151.091971561313
472800.0,587533.0154444575,114733.01544445753
710000.0,736147.3625262529,26147.362526252866
580000.0,936750.8328368068,356750.8328368068
330000.0,441467.80696223676,111467.80696223676
174950.0,39010.88296584785,-135939.11703415215
565000.0,623660.7376617342,58660.73766173422
534000.0,588611.5851201564,54611.58512015641
503500.0,584540.423083365,81040.42308336496
235000.0,178840.5961509049,-56159.403849095106
558000.0,697277.1968607306,139277.19686073065
966000.0,968223.081041947,2223.081041947007
1297000.0,886452.9956550151,-410547.0043449849
310000.0,238485.60630820692,-71514.39369179308
535000.0,531704.5037246048,-3295.496275395155
432000.0,482819.8108972907,50819.81089729071
1750000.0,1545394.8405268937,-204605.15947310627
675000.0,658822.6129950136,-16177.387004986405
337000.0,327355.3107492924,-9644.689250707626
410000.0,425015.42133674026,15015.421336740255
320000.0,309624.44998399913,-10375.550016000867
585000.0,583530.70209378,-1469.2979062199593
835000.0,939153.5554818362,104153.5554818362
863000.0,1022853.783799082,159853.78379908204
320000.0,282135.0912409127,-37864.908759087324
613000.0,544712.5195488483,-68287.48045115173
180000.0,160488.51885809004,-19511.481141909957
560000.0,621669.0284245908,61669.028424590826
530000.0,923773.4260104746,393773.42601047456
347000.0,302021.78969557583,-44978.21030442417
260000.0,419412.45445536077,159412.45445536077
585000.0,571844.2690812349,-13155.730918765068
440000.0,385190.0421218425,-54809.9578781575
305000.0,409990.7048314363,104990.70483143628
650500.0,707209.5471331626,56709.54713316262
590000.0,811125.1999733597,221125.1999733597
245000.0,266830.91725477576,21830.917254775763
329999.0,547325.0109601468,217326.01096014678
470000.0,503740.34737434983,33740.34737434983
2885000.0,1707504.7961839437,-1177495.2038160563
580000.0,510309.87332443893,-69690.12667556107
745000.0,951135.6898757517,206135.68987575173
350000.0,314766.4412699193,-35233.558730080724
515000.0,556397.6155538559,41397.615553855896
756100.0,605791.1082450897,-150308.89175491035
472500.0,399960.3196749538,-72539.68032504618
900000.0,1014682.3668529093,114682.36685290933
895000.0,789584.1149551123,-105415.88504488766
255000.0,463112.2000543624,208112.20005436242
380000.0,367171.3410271406,-12828.658972859383
265000.0,294704.529034093,29704.529034093022
728000.0,933526.9849518836,205526.98495188355
194000.0,13052.967655926943,-180947.03234407306
300000.0,331741.1960505098,31741.19605050981
216650.0,613242.6893814951,396592.6893814951
223990.0,123906.88836073875,-100083.11163926125
220000.0,185067.13817611337,-34932.86182388663
3600000.0,2191462.817598015,-1408537.182401985
310000.0,284430.1447015852,-25569.855298414826
360000.0,354841.6723137051,-5158.327686294913
635000.0,733102.7886966765,98102.78869667649
599950.0,589209.074151054,-10740.925848945975
220000.0,242185.66411337256,22185.664113372564
372000.0,354292.40319524705,-17707.596804752946
332900.0,301581.4875610173,-31318.512438982725
380000.0,463693.3312050849,83693.33120508492
471000.0,652945.2306994647,181945.23069946468
1185000.0,1138766.9049651176,-46233.095034882426
684000.0,645728.0040702373,-38271.99592976272
750000.0,670565.1847576946,-79434.8152423054
612125.0,741938.2267790586,129813.22677905858
455500.0,504074.4184156358,48574.418415635824
330000.0,372655.31588563323,42655.31588563323
654000.0,669730.2746069282,15730.27460692823
323000.0,304495.0506132096,-18504.949386790395
315000.0,349683.5947497636,34683.59474976361
392000.0,320272.16103582084,-71727.83896417916
782000.0,1293832.026932031,511832.0269320309
298500.0,216268.27464835346,-82231.72535164654
3650000.0,2557340.5486014932,-1092659.4513985068
374000.0,434900.66775746644,60900.667757466435
850000.0,879814.298953414,29814.298953413963
785000.0,969878.8973324299,184878.8973324299
615000.0,596023.6864872128,-18976.313512787223
599832.0,701912.5686600655,102080.56866006553
1075000.0,1186982.3753918111,111982.37539181113
226000.0,259158.0511725098,33158.05117250979
421500.0,550389.2729497105,128889.27294971049
406550.0,468766.78332078457,62216.78332078457
360000.0,504674.1385562271,144674.1385562271
520000.0,446879.37092649937,-73120.62907350063
329950.0,253405.52950640023,-76544.47049359977
550000.0,590510.3359277844,40510.33592778444
425000.0,485902.10144367814,60902.10144367814
1610000.0,1430313.5557011068,-179686.4442988932
185000.0,130251.93233419955,-54748.06766580045
345000.0,359198.10160937905,14198.101609379053
585000.0,526090.2705158442,-58909.729484155774
325000.0,438918.1197348237,113918.1197348237
220000.0,231550.02464014292,11550.024640142918
716100.0,622105.1944054812,-93994.80559451878
313999.0,223154.38232514262,-90844.61767485738
450000.0,469860.006158486,19860.00615848601
380000.0,548630.6354961395,168630.63549613953
572000.0,796860.1378847212,224860.13788472116
343888.0,261158.86681069434,-82729.13318930566
474950.0,490889.8317887932,15939.831788793206
410000.0,404888.5696899295,-5111.430310070515
295000.0,299191.37886571884,4191.378865718842
635000.0,516623.3879586309,-118376.61204136908
275000.0,520894.11348226666,245894.11348226666
185000.0,85405.04908025265,-99594.95091974735
239000.0,162041.66997386515,-76958.33002613485
840000.0,727306.0405705869,-112693.95942941308
644000.0,816429.9415409267,172429.9415409267
515000.0,521491.18771480024,6491.187714800239
276200.0,301441.0884666443,25241.088466644287
400000.0,424597.56539721787,24597.56539721787
769900.0,723588.3553827703,-46311.6446172297
585000.0,535453.3809534311,-49546.61904656887
570000.0,583661.2668934166,13661.266893416643
490000.0,392848.09827277064,-97151.90172722936
587100.0,689264.8760004789,102164.87600047886
329900.0,376391.6568660289,46491.656866028905
725000.0,761238.0043295026,36238.00432950258
445000.0,504217.7696827501,59217.769682750106
380000.0,434853.95832259953,54853.95832259953
255000.0,211450.8984208852,-43549.101579114795
355000.0,359027.0203285068,4027.0203285068274
285000.0,268981.5678370446,-16018.432162955403
1050000.0,873753.6349502355,-176246.3650497645
749400.0,921788.5605861545,172388.56058615446
1490000.0,1381559.5013374686,-108440.49866253138
950000.0,925263.0525405705,-24736.947459429502
264500.0,278840.9293522984,14340.929352298379
1385000.0,1122962.6875743717,-262037.3124256283
199950.0,239882.34494569898,39932.34494569898
969950.0,850661.5408879668,-119288.45911203325
405000.0,276239.94947235286,-128760.05052764714
322500.0,275440.4832227528,-47059.51677724719
425000.0,551201.6342995614,126201.63429956138
275000.0,208238.54333344102,-66761.45666655898
181000.0,175363.90608273447,-5636.093917265534
475000.0,436091.0358674228,-38908.96413257718
376950.0,405060.86829282343,28110.868292823434
476000.0,779098.2912301123,303098.2912301123
480000.0,703269.522473231,223269.52247323096
229000.0,374733.4969126582,145733.49691265821
226950.0,117806.58541381359,-109143.41458618641
669888.0,576776.3358911872,-93111.66410881281
555750.0,235127.28110523522,-320622.7188947648
280000.0,329713.29797261953,49713.29797261953
315000.0,159773.179822132,-155226.820177868
499950.0,486337.26962454617,-13612.73037545383
453000.0,370355.49023526907,-82644.50976473093
700000.0,670707.7991286218,-29292.200871378183
347500.0,324273.9848445952,-23226.015155404806
600000.0,1164221.275153488,564221.2751534879
286000.0,97376.25448475778,-188623.74551524222
1212500.0,1385790.688244149,173290.6882441491
580000.0,611510.7713209391,31510.771320939064
630000.0,684889.8849021643,54889.88490216434
730000.0,615205.0625670403,-114794.93743295968
1300000.0,843676.6704135537,-456323.3295864463
850000.0,930428.8527926505,80428.85279265046
410000.0,451749.8670372963,41749.867037296295
325000.0,408816.47839163244,83816.47839163244
596500.0,503123.4907090068,-93376.50929099321
1020000.0,982790.4414684325,-37209.558531567454
180250.0,99149.2425184995,-81100.7574815005
528000.0,482338.44811201096,-45661.551887989044
405500.0,422328.7847520411,16828.7847520411
1850000.0,1059596.9795489013,-790403.0204510987
230000.0,124720.47806121409,-105279.52193878591
789000.0,881909.6723391712,92909.67233917117
527950.0,589904.6394473016,61954.639447301626
688000.0,939820.1139405221,251820.11394052207
1057000.0,693638.6618893743,-363361.33811062574
999999.0,1153894.9538799971,153895.95387999713
355000.0,392380.2441109866,37380.24411098659
1197350.0,938899.2031237632,-258450.7968762368
254600.0,208107.8354975134,-46492.16450248659
630000.0,645113.373421371,15113.373421370983
670000.0,804776.1996913999,134776.19969139993
319950.0,292786.1045728624,-27163.895427137613
550000.0,750777.11457555,200777.11457554996
250000.0,376620.01730789244,126620.01730789244
1135000.0,1373729.6765809804,238729.67658098042
324950.0,267030.6797657311,-57919.320234268904
477000.0,455821.4795547128,-21178.520445287228
531500.0,726349.9400946796,194849.9400946796
610000.0,698320.4488126487,88320.44881264865
443000.0,543210.4498933852,100210.44989338517
385000.0,566502.868221283,181502.86822128296
320000.0,291276.4888282865,-28723.51117171347
237000.0,169571.76976646483,-67428.23023353517
865000.0,910545.1169755012,45545.11697550118
239900.0,158919.99174298346,-80980.00825701654
555000.0,505828.0492666811,-49171.950733318925
435000.0,487130.7040580809,52130.70405808091
582000.0,624567.3081492633,42567.30814926326
450000.0,798829.0647320896,348829.06473208964
502000.0,478047.17272111773,-23952.827278882265
430000.0,393902.39585734904,-36097.60414265096
277000.0,238512.02641178668,-38487.973588213325
467000.0,335717.81136739254,-131282.18863260746
530000.0,524456.895148024,-5543.104851976037
490000.0,560812.9840471298,70812.98404712975
499950.0,497916.04208260775,-2033.9579173922539
515000.0,582543.2843467742,67543.28434677422
280000.0,405132.56315916777,125132.56315916777
618000.0,553232.61731942,-64767.38268058002
405000.0,463897.5235901475,58897.523590147495
551000.0,663400.0550923347,112400.05509233475
241450.0,248894.61218352616,7444.612183526158
265000.0,245732.86225253344,-19267.137747466564
1650000.0,1372147.1925809234,-277852.80741907656
720000.0,794920.2618335038,74920.26183350384
450500.0,366787.22004546225,-83712.77995453775
325000.0,284734.4830329716,-40265.51696702838
475000.0,417172.4057177454,-57827.59428225458
713000.0,716447.619761765,3447.619761765003
320000.0,247804.21407660842,-72195.78592339158
365000.0,518301.46603633463,153301.46603633463
380000.0,408060.0453158468,28060.0453158468
569950.0,612806.5857053399,42856.58570533991
630000.0,593361.7264415622,-36638.273558437824
349950.0,397833.3557356894,47883.3557356894
344000.0,401262.4186360091,57262.4186360091
473000.0,353047.05905900896,-119952.94094099104
365000.0,407823.2643073201,42823.26430732012
510000.0,575749.4395824671,65749.43958246708
530000.0,543047.155041799,13047.15504179895
107000.0,145840.7300619185,38840.7300619185
331000.0,364926.1166058928,33926.11660589278
629800.0,548619.9798769951,-81180.02012300491
579000.0,507576.2726268172,-71423.72737318277
970000.0,906829.9279496372,-63170.072050362825
460500.0,445309.4407296628,-15190.559270337224
370000.0,407628.7958344519,37628.795834451914
567035.0,352584.5897806883,-214450.4102193117
220000.0,194516.08809030056,-25483.91190969944
795000.0,748460.281112507,-46539.718887493014
400000.0,381852.28641313314,-18147.713586866856
470950.0,598951.7611408383,128001.76114083827
220000.0,317601.6383648515,97601.63836485147
691500.0,751651.5101920813,60151.51019208133
526000.0,627667.8587742299,101667.85877422988
300000.0,132278.80357012153,-167721.19642987847
605000.0,728258.2341130227,123258.23411302269
700000.0,719925.6694454402,19925.669445440173
1000000.0,997350.0391020477,-2649.960897952318
377500.0,443596.0958929807,66096.0958929807
674000.0,583543.5269645154,-90456.47303548455
599000.0,722225.301376164,123225.30137616396
680000.0,607497.4911373854,-72502.50886261463
580000.0,527583.5371179879,-52416.46288201213
390000.0,506085.55324716866,116085.55324716866
262500.0,186910.1427553594,-75589.85724464059
765000.0,802225.0689341128,37225.06893411279
296000.0,390404.36491917074,94404.36491917074
515000.0,515858.11209207773,858.1120920777321
267950.0,159846.0467672944,-108103.9532327056
291700.0,389139.63915252686,97439.63915252686
338000.0,347084.3289951682,9084.328995168209
359950.0,461143.51566693187,101193.51566693187
3168750.0,1861425.412844196,-1307324.587155804
360000.0,531575.7709601969,171575.77096019685
675000.0,853475.886637181,178475.88663718104
530000.0,519736.43317201734,-10263.566827982664
219950.0,73183.81095671654,-146766.18904328346
598500.0,517987.1242367923,-80512.87576320767
470000.0,438923.8000664115,-31076.199933588505
290000.0,392652.42395822704,102652.42395822704
861000.0,914645.0133506805,53645.01335068047
369000.0,329425.746124804,-39574.25387519598
925000.0,934938.722904399,9938.722904399037
295000.0,318586.5754778087,23586.575477808714
385000.0,208040.201666072,-176959.798333928
390000.0,459499.6582913995,69499.65829139948
629000.0,571257.4811334014,-57742.518866598606
1315000.0,987989.1998983473,-327010.80010165274
462500.0,431307.77177760005,-31192.22822239995
1530000.0,1383817.8052066714,-146182.19479332864
535000.0,569211.5589478314,34211.55894783139
448000.0,462520.3624816388,14520.36248163879
525000.0,559920.4636356086,34920.463635608554
1061600.0,783245.8415602595,-278354.15843974054
333000.0,386346.5312541574,53346.531254157424
639900.0,660074.6627407968,20174.662740796804
410000.0,452022.58850981295,42022.58850981295
397500.0,442642.59911355376,45142.59911355376
955000.0,968781.6186907887,13781.618690788746
455000.0,489084.29557818174,34084.29557818174
409500.0,535585.5461226851,126085.54612268507
265000.0,324445.7863665223,59445.78636652231
438600.0,486408.3794233352,47808.379423335195
310000.0,349905.41681323946,39905.416813239455
300000.0,374928.1985279918,74928.19852799177
175000.0,104063.07220116258,-70936.92779883742
205500.0,132224.4438317269,-73275.55616827309
375000.0,267394.4927276224,-107605.50727237761
355000.0,451239.68776258826,96239.68776258826
250000.0,491258.89187920094,241258.89187920094
455000.0,517322.21715669334,62322.21715669334
819000.0,662912.0250262916,-156087.9749737084
199500.0,243761.17877297103,44261.178772971034
862000.0,787802.0383187085,-74197.96168129146
400000.0,402737.5586221367,2737.558622136712
700000.0,843689.6622825414,143689.6622825414
672000.0,913603.7757728696,241603.7757728696
575000.0,530099.2321485877,-44900.767851412296
615000.0,687705.2461010814,72705.24610108137
2150000.0,1924413.2349803299,-225586.76501967013
397000.0,446428.821010381,49428.82101038098
869000.0,830654.8887251168,-38345.11127488315
355000.0,256281.83715961874,-98718.16284038126
575000.0,480611.4825069308,-94388.51749306917
346000.0,329051.89172688127,-16948.108273118734
530000.0,426984.5507378876,-103015.44926211238
449500.0,460007.4517686665,10507.451768666506
435000.0,307503.6476992965,-127496.35230070353
635000.0,711035.7620425373,76035.76204253733
332500.0,246224.48808147013,-86275.51191852987
550000.0,654654.8043896407,104654.80438964069
720000.0,762618.3978881985,42618.397888198495
1085000.0,820492.0952778012,-264507.90472219884
418000.0,352351.35281704366,-65648.64718295634
495000.0,519769.35734958947,24769.357349589467
1140000.0,934907.6384031177,-205092.36159688234
734990.0,611476.4577924907,-123513.54220750928
980000.0,747936.6621739715,-232063.33782602847
737000.0,822410.436396569,85410.43639656901
364950.0,336427.18228787184,-28522.817712128162
890000.0,809257.4842312634,-80742.5157687366
466000.0,565462.6515938938,99462.65159389377
225000.0,84027.36735081673,-140972.63264918327
420000.0,306895.87689349055,-113104.12310650945
215000.0,276827.95182563365,61827.951825633645
270000.0,298060.3093955517,28060.30939555168
778000.0,653486.561112836,-124513.438887164
650000.0,756131.5634286255,106131.56342862546
325000.0,349850.82218159735,24850.822181597352
550000.0,643385.7190354168,93385.71903541684
291000.0,187331.69396077096,-103668.30603922904
437000.0,498877.9834127873,61877.98341278732
255500.0,178514.14507323503,-76985.85492676497
875000.0,957406.5620568544,82406.56205685437
450000.0,464550.25012233853,14550.250122338533
725000.0,783724.296854198,58724.29685419798
386500.0,400349.26591934264,13849.265919342637
985000.0,1032498.413505882,47498.413505882025
419700.0,449781.21942558885,30081.219425588846
165000.0,151747.65447592735,-13252.345524072647
408000.0,238331.40232899785,-169668.59767100215
340000.0,365490.17026245594,25490.17026245594
962800.0,974069.7401281744,11269.740128174424
557000.0,522917.56369946897,-34082.43630053103
775000.0,990689.055477947,215689.055477947
520000.0,549050.8999020159,29050.899902015924
385000.0,391895.6711895913,6895.671189591289
1200000.0,1046451.0025423169,-153548.9974576831
190000.0,106496.96580122411,-83503.03419877589
1950000.0,1521897.5699775368,-428102.4300224632
555000.0,618552.631939277,63552.63193927705
250000.0,397821.07790993154,147821.07790993154
1824100.0,1505846.3251195103,-318253.6748804897
530000.0,644069.0066987574,114069.00669875741
250000.0,125032.13030982018,-124967.86969017982
518000.0,765591.3316133916,247591.33161339164
450000.0,369965.7219530046,-80034.2780469954
562500.0,547649.7815432549,-14850.218456745148
2160000.0,1286408.9417256117,-873591.0582743883
282000.0,225127.88421595097,-56872.115784049034
302282.0,483707.76048639417,181425.76048639417
267000.0,218895.1855251938,-48104.81447480619
275000.0,319215.6118672043,44215.61186720431
248000.0,121620.39674383402,-126379.60325616598
750000.0,761834.8688117266,11834.86881172657
445000.0,452609.09181664884,7609.091816648841
550000.0,164095.2005649954,-385904.7994350046
545000.0,481495.19096149504,-63504.80903850496
549000.0,544812.2905579656,-4187.709442034364
185900.0,130202.42537900805,-55697.574620991945
730000.0,1114595.175038889,384595.17503888905
225000.0,186917.76458641887,-38082.23541358113
657500.0,625929.8542773426,-31570.145722657442
265000.0,172975.23946107924,-92024.76053892076
630000.0,798684.9697554111,168684.96975541115
490000.0,477984.7493389249,-12015.250661075115
384900.0,410414.3556045145,25514.35560451448
799990.0,832907.2566452473,32917.25664524734
252500.0,214938.1341779679,-37561.865822032094
380000.0,211225.61500649154,-168774.38499350846
245000.0,225780.62018296123,-19219.379817038774
378000.0,296114.2895939499,-81885.71040605009
389000.0,404907.26248054206,15907.262480542064
343000.0,411879.81971110404,68879.81971110404
742000.0,577295.3653923422,-164704.6346076578
400000.0,628297.7103329748,228297.7103329748
625000.0,652968.7940252721,27968.79402527213
630000.0,638076.7657960802,8076.765796080232
299500.0,274516.2545553297,-24983.74544467032
229800.0,242831.53072087467,13031.530720874667
395000.0,416321.07103841007,21321.071038410068
225000.0,246564.4350052774,21564.435005277395
310000.0,435112.43514481187,125112.43514481187
330000.0,405240.6064337194,75240.6064337194
280000.0,277043.9133479297,-2956.086652070284
415000.0,371597.8531140089,-43402.1468859911
752888.0,759970.1433390826,7082.143339082599
300000.0,378706.69809523225,78706.69809523225
200000.0,216753.9790008664,16753.979000866413
406500.0,546696.3861913979,140196.3861913979
468000.0,419909.8909626305,-48090.10903736949
1050000.0,1095165.9916441888,45165.99164418876
960000.0,1302926.0976338685,342926.09763386846
865000.0,1008511.9687046558,143511.96870465577
395000.0,343753.95922479033,-51246.040775209665
470000.0,436665.50043930113,-33334.49956069887
517000.0,309465.32025642693,-207534.67974357307
1000000.0,1651443.6027289182,651443.6027289182
110000.0,147051.55578774214,37051.55578774214
405000.0,353888.92160093784,-51111.07839906216
249950.0,223999.67276094854,-25950.32723905146
410000.0,424434.6614649743,14434.661464974284
385000.0,267598.9585953355,-117401.04140466452
349000.0,190210.09907621145,-158789.90092378855
540000.0,495255.1316213608,-44744.86837863922
657000.0,669753.4340985566,12753.434098556638
250000.0,39297.89536143839,-210702.1046385616
350000.0,492539.842420876,142539.84242087603
352450.0,402608.6280211061,50158.628021106124
375000.0,468543.2483522892,93543.2483522892
275000.0,255803.98881089687,-19196.011189103127
322500.0,238535.14586135745,-83964.85413864255
385100.0,270489.0053549856,-114610.9946450144
395000.0,470807.79498295486,75807.79498295486
750000.0,707006.9585235864,-42993.04147641361
1085000.0,797487.9423461407,-287512.05765385926
597000.0,515100.7248471081,-81899.27515289187
2510000.0,2215880.5317022502,-294119.46829774976
703300.0,705500.4046272337,2200.4046272337437
1185000.0,968051.99208951,-216948.00791049004
698000.0,701391.5603369474,3391.560336947441
340000.0,292508.47243116796,-47491.52756883204
750000.0,734146.3704147637,-15853.629585236311
1505000.0,974327.0479831994,-530672.9520168006
615000.0,683977.3678153902,68977.36781539023
320000.0,295897.4680632949,-24102.531936705112
290000.0,285296.61229632795,-4703.387703672051
374950.0,517171.2343554646,142221.23435546458
1100000.0,977944.6609647274,-122055.3390352726
550000.0,447307.2433349639,-102692.75666503608
390000.0,516910.608399421,126910.60839942098
467000.0,672264.5106728077,205264.5106728077
552250.0,494022.2241688669,-58227.77583113313
235000.0,351981.86624479294,116981.86624479294
750000.0,659051.0989207327,-90948.90107926726
627000.0,471202.89238002896,-155797.10761997104
883000.0,927430.0057628602,44430.00576286018
785000.0,1047708.9605918974,262708.96059189737
457000.0,521043.1999426782,64043.19994267821
367500.0,406540.03906190395,39040.03906190395
625000.0,851138.5010029376,226138.50100293756
402500.0,291260.84426410496,-111239.15573589504
755000.0,867148.7487644404,112148.74876444042
380000.0,336135.2181055546,-43864.78189444542
238000.0,273514.0874351561,35514.08743515611
848000.0,985523.2444764227,137523.24447642267
358000.0,488742.6945541054,130742.6945541054
440000.0,539756.2303122282,99756.2303122282
250000.0,235179.16553674638,-14820.834463253617
2650000.0,1600630.2474914193,-1049369.7525085807
495000.0,626952.1001933217,131952.1001933217
660000.0,708172.0603056997,48172.060305699706
755000.0,765266.8450519443,10266.845051944256
600000.0,625334.0173851699,25334.017385169864
461500.0,595706.6455857456,134206.64558574557
275000.0,172226.3199403286,-102773.6800596714
195000.0,288856.52227912843,93856.52227912843
315000.0,230456.33694325387,-84543.66305674613
1280000.0,1129832.3957351744,-150167.60426482558
353000.0,331887.52769370377,-21112.47230629623
390000.0,518307.7264162451,128307.7264162451
657500.0,892867.4642712921,235367.4642712921
495000.0,374198.27093058825,-120801.72906941175
450000.0,474171.38872918487,24171.388729184866
427000.0,397476.7433054447,-29523.256694555283
1040000.0,1205750.3438560069,165750.34385600686
700000.0,449412.7001708299,-250587.2998291701
894000.0,959020.386233896,65020.38623389602
770000.0,832990.055183664,62990.055183663964
412500.0,436327.37185028195,23827.371850281954
899000.0,752752.5305044502,-146247.4694955498
555000.0,652416.5947150141,97416.5947150141
400000.0,573091.7569461167,173091.7569461167
330000.0,403922.48064112663,73922.48064112663
700000.0,709390.4006732106,9390.40067321062
500000.0,533582.7367142588,33582.73671425879
385000.0,459742.2920590639,74742.29205906391
840000.0,671561.2191021591,-168438.78089784086
230500.0,102501.68911029398,-127998.31088970602
563250.0,535523.9553272426,-27726.044672757387
523950.0,460477.0400966406,-63472.95990335941
227064.0,401331.4772519618,174267.47725196183
616500.0,676246.1181228906,59746.11812289059
670000.0,680441.1587781012,10441.158778101206
210000.0,288087.65393076837,78087.65393076837
335000.0,275273.8428978026,-59726.15710219741
151100.0,124130.1742233336,-26969.825776666403
374950.0,478143.758562088,103193.75856208801
840000.0,759512.3770051152,-80487.62299488485
640000.0,659501.0891313553,19501.089131355286
335000.0,210709.22137235105,-124290.77862764895
210000.0,194943.57291145623,-15056.427088543773
452250.0,480740.19590322673,28490.195903226733
162000.0,199770.22546452284,37770.22546452284
968000.0,1071564.5384486914,103564.53844869137
252500.0,290501.65373273194,38001.65373273194
265800.0,229367.0047788918,-36432.9952211082
300000.0,204905.17321418226,-95094.82678581774
398950.0,502045.9103022665,103095.91030226648
865000.0,665778.6695467681,-199221.33045323193
378000.0,511397.06461569667,133397.06461569667
1150000.0,1112068.5246248841,-37931.47537511587
1272000.0,1054237.4246027619,-217762.57539723814
890000.0,1100616.9157675356,210616.91576753557
275000.0,252043.40262909234,-22956.597370907664
542500.0,550341.8705605865,7841.8705605864525
411000.0,549597.8036560416,138597.80365604162
337500.0,262006.12972059846,-75493.87027940154
365000.0,365584.2519944161,584.2519944161177
416000.0,474084.78026013076,58084.78026013076
230000.0,244150.7028425932,14150.702842593193
290500.0,536505.3196564764,246005.31965647638
367899.0,424408.9026143998,56509.90261439979
700000.0,679013.2501628101,-20986.749837189913
534000.0,455318.9355869889,-78681.06441301107
317000.0,285400.18424363434,-31599.815756365657
845000.0,764512.7099059075,-80487.29009409249
579000.0,622877.4230298549,43877.423029854894
525126.0,555061.6554110497,29935.655411049724
1001000.0,827084.6218234152,-173915.37817658484
250000.0,319005.177978009,69005.17797800899
565000.0,813928.8992969394,248928.89929693937
700000.0,634000.6553854346,-65999.34461456537
316000.0,310033.90474516153,-5966.095254838467
557500.0,518259.58061881363,-39240.419381186366
207500.0,213718.9436443448,6218.943644344807
465000.0,367070.04352489114,-97929.95647510886
853800.0,816777.5354200304,-37022.464579969645
1385000.0,1181873.4710151851,-203126.52898481488
469000.0,380962.46005286276,-88037.53994713724
220000.0,211069.70288808644,-8930.297111913562
332000.0,264386.4744427502,-67613.52555724978
720000.0,819732.4732448757,99732.47324487567
795000.0,874951.2675851583,79951.26758515835
240000.0,304667.43682818115,64667.43682818115
280000.0,268326.37807293236,-11673.621927067637
330000.0,344529.3938807696,14529.39388076961
375000.0,234459.74367935956,-140540.25632064044
1690000.0,1214908.145798996,-475091.8542010039
152500.0,31825.118911921978,-120674.88108807802
256000.0,229012.8367935419,-26987.16320645809
182500.0,191943.04282046854,9443.042820468545
485500.0,406294.82754160464,-79205.17245839536
362000.0,447719.9212720692,85719.92127206922
675000.0,911928.6005335301,236928.60053353012
1388000.0,1249868.6957710385,-138131.30422896147
462000.0,354565.6274329871,-107434.3725670129
219000.0,338669.7877295166,119669.78772951663
725000.0,744414.8105872571,19414.810587257147
315000.0,281146.78258900344,-33853.217410996556
695000.0,766824.7620089203,71824.76200892031
560000.0,723598.8380877525,163598.83808775246
560000.0,512067.352375716,-47932.64762428403
649000.0,622990.0144793987,-26009.985520601273
620000.0,555538.9406416565,-64461.05935834348
246500.0,171853.286883682,-74646.71311631799
548000.0,490149.593997404,-57850.40600259602
496600.0,611198.677140981,114598.67714098096
315000.0,351586.6020103246,36586.6020103246
330000.0,407076.2110096216,77076.21100962162
1000000.0,852106.1865875125,-147893.8134124875
650000.0,599727.0831730068,-50272.91682699323
589000.0,709577.5600251108,120577.56002511084
1030000.0,1225562.6857325435,195562.68573254347
802000.0,797321.6282165796,-4678.3717834204435
173000.0,236580.74652799964,63580.74652799964
130000.0,381090.875789091,251090.875789091
380000.0,533337.8083548695,153337.80835486948
293000.0,762123.2871146649,469123.2871146649
706000.0,612843.6651362926,-93156.33486370742
262000.0,95236.49183648825,-166763.50816351175
281000.0,178882.5459254682,-102117.4540745318
710000.0,648665.4476862848,-61334.55231371522
170000.0,112686.82256729901,-57313.17743270099
687500.0,576292.3087171167,-111207.69128288329
502000.0,478024.2073665112,-23975.792633488774
734000.0,503983.46605692804,-230016.53394307196
481450.0,517813.32820032537,36363.32820032537
250000.0,294062.7341646403,44062.73416464031
300000.0,281013.8318474442,-18986.168152555823
248000.0,58613.20401929319,-189386.7959807068
186000.0,109012.31548841298,-76987.68451158702
440000.0,477269.5298330635,37269.52983306348
172000.0,175190.11142896116,3190.111428961158
405000.0,427886.6695063412,22886.66950634122
599000.0,458747.65541501343,-140252.34458498657
457500.0,347747.11133755744,-109752.88866244256
275000.0,329236.32306817174,54236.32306817174
500000.0,426951.5017668754,-73048.49823312461
472500.0,583784.477975741,111284.47797574103
494815.0,487824.4735785425,-6990.526421457529
342000.0,298365.73109671474,-43634.268903285265
1208000.0,1529587.4956462532,321587.4956462532
492000.0,758557.1120272726,266557.1120272726
420000.0,415740.6003269553,-4259.399673044682
554000.0,507795.1140833646,-46204.885916635394
805000.0,907290.7701510936,102290.7701510936
485000.0,422924.5902899951,-62075.409710004926
310000.0,171299.123944059,-138700.876055941
456500.0,460179.89901436865,3679.8990143686533
330000.0,358306.3965076655,28306.396507665515
211000.0,231438.26675368845,20438.266753688455
965000.0,1039905.4939221144,74905.49392211437
374950.0,308428.78420604765,-66521.21579395235
456000.0,596200.0848702788,140200.08487027884
599000.0,581761.7519039959,-17238.24809600413
500000.0,567661.9089078307,67661.90890783072
740000.0,731912.3685703725,-8087.631429627538
430000.0,891697.7215504795,461697.72155047953
799950.0,810667.508796826,10717.508796826005
1225000.0,1093896.6718152463,-131103.32818475366
249000.0,325614.65667530894,76614.65667530894
930000.0,982841.158173427,52841.158173426986
339950.0,532930.3680571467,192980.36805714667
612000.0,823624.2045021802,211624.20450218022
428000.0,475610.35237814486,47610.35237814486
315000.0,312431.81268145144,-2568.18731854856
550000.0,570181.3571601361,20181.357160136104
453246.0,456364.9650963992,3118.965096399188
325000.0,254976.51099006832,-70023.48900993168
810000.0,829596.2198536545,19596.219853654504
745000.0,667941.0617239028,-77058.93827609718
329000.0,198541.46355000138,-130458.53644999862
258000.0,184346.3297174126,-73653.67028258741
418500.0,362799.23509959877,-55700.764900401235
320000.0,513745.48841901124,193745.48841901124
550000.0,800067.7748307884,250067.77483078837
600000.0,572660.1140961945,-27339.885903805494
260000.0,378556.970668301,118556.97066830099
511718.0,497264.6931179315,-14453.306882068515
335000.0,531817.8279075325,196817.82790753245
207000.0,170095.28152401745,-36904.71847598255
525000.0,541621.498114571,16621.498114570975
194000.0,81669.3629220277,-112330.6370779723
340000.0,520582.6959371567,180582.69593715668
604000.0,594270.3561296612,-9729.643870338798
375000.0,360666.33655774593,-14333.663442254066
240000.0,182315.96966579556,-57684.030334204435
474000.0,631291.5897051841,157291.5897051841
719000.0,665100.6526857764,-53899.34731422365
525000.0,499815.78331688046,-25184.216683119535
800000.0,820451.7214829326,20451.721482932568
499950.0,459560.395220235,-40389.60477976501
265000.0,293548.0719317794,28548.071931779385
407000.0,545862.2941803932,138862.29418039322
379000.0,355495.30977632105,-23504.690223678946
799000.0,957623.4074305147,158623.4074305147
825000.0,976824.7568738759,151824.75687387586
384000.0,688757.6774255484,304757.67742554843
520000.0,554078.4199332893,34078.41993328929
286000.0,296779.2586181313,10779.25861813128
700000.0,832322.9738137871,132322.9738137871
639983.0,521883.5237419754,-118099.47625802457
360000.0,396780.14941605926,36780.149416059256
1485000.0,1165923.2993277013,-319076.70067229867
459000.0,469093.35286164284,10093.352861642838
280000.0,360962.09302672744,80962.09302672744
859900.0,804461.7125682235,-55438.28743177652
1320000.0,823441.6902516037,-496558.3097483963
482000.0,452510.894119516,-29489.105880483985
525000.0,480483.706254974,-44516.29374502599
365000.0,414725.8527688831,49725.85276888311
215000.0,156122.7650771737,-58877.23492282629
680000.0,707064.7809093595,27064.780909359455
628000.0,572774.9054215401,-55225.09457845986
200000.0,342138.38529001176,142138.38529001176
400000.0,435518.11185979843,35518.11185979843
410000.0,288578.5598539412,-121421.4401460588
300000.0,383440.89430202544,83440.89430202544
209950.0,-18707.511062681675,-228657.51106268167
305450.0,245312.14726752043,-60137.85273247957
280000.0,218288.45165844262,-61711.54834155738
340000.0,247367.7617931217,-92632.2382068783
247000.0,196241.68918322027,-50758.31081677973
345000.0,358760.732411325,13760.732411324978
784000.0,1007608.3017038405,223608.3017038405
575000.0,503806.33000957966,-71193.66999042034
535000.0,456868.32459679246,-78131.67540320754
585000.0,576304.4049743116,-8695.59502568841
505000.0,384179.029952839,-120820.97004716098
89000.0,-28295.73065766692,-117295.73065766692
378000.0,427677.0792568177,49677.0792568177
285000.0,432625.0273863524,147625.02738635242
850000.0,825199.8332096338,-24800.166790366173
202000.0,113861.2892382294,-88138.7107617706
422000.0,524370.2629878968,102370.2629878968
889000.0,1014949.9869881272,125949.98698812723
925000.0,745366.8507907689,-179633.14920923114
592000.0,648556.6516623646,56556.6516623646
470000.0,441891.8522899598,-28108.14771004021
299000.0,284563.17897488177,-14436.821025118232
809000.0,904991.129379183,95991.12937918305
735000.0,754449.6058398932,19449.605839893222
785000.0,849988.8630884439,64988.863088443875
370000.0,289901.56728832424,-80098.43271167576
515000.0,660120.2097679526,145120.20976795256
999000.0,993474.3912037462,-5525.6087962538
491500.0,522890.52303391695,31390.52303391695
207500.0,32228.471601337194,-175271.5283986628
992000.0,1201684.179434523,209684.179434523
139500.0,139831.8352265954,331.83522659540176
895000.0,920493.6214612126,25493.621461212635
360000.0,412257.2506137192,52257.250613719225
611900.0,791878.8027077615,179978.80270776153
536000.0,683015.9181098193,147015.9181098193
455000.0,466320.86378617585,11320.863786175847
543500.0,494970.0815665126,-48529.918433487415
550000.0,724884.4031078666,174884.40310786664
796000.0,662656.9251459986,-133343.0748540014
845000.0,944225.7432345599,99225.7432345599
495000.0,495535.3016139865,535.3016139864922
665900.0,652759.0825542063,-13140.917445793748
533000.0,485998.1322366148,-47001.86776338518
400000.0,419608.3232254088,19608.323225408792
147200.0,191601.54405644536,44401.54405644536
276500.0,507687.4973577708,231187.4973577708
278000.0,479161.5978883356,201161.5978883356
379400.0,469092.65906746686,89692.65906746686
435000.0,484275.81005996466,49275.81005996466
290000.0,158592.30107317865,-131407.69892682135
280000.0,306099.31581799686,26099.31581799686
320000.0,176694.7767815888,-143305.2232184112
595000.0,507249.1087272614,-87750.89127273858
549000.0,712632.4419807494,163632.44198074937
395000.0,245457.55747762322,-149542.44252237678
550000.0,485032.84023855627,-64967.159761443734
540000.0,560074.4887124896,20074.488712489605
659000.0,643795.8102183938,-15204.189781606197
777000.0,885229.0641228855,108229.06412288547
685000.0,582709.0413119197,-102290.95868808031
442500.0,521769.2588766664,79269.25887666643
1325000.0,807233.4161360264,-517766.5838639736
490000.0,644796.4582014084,154796.4582014084
775000.0,1022692.3259962499,247692.3259962499
369950.0,357788.61901937425,-12161.380980625749
1500000.0,1508489.1010096818,8489.10100968182
300000.0,245684.05313175917,-54315.94686824083
284200.0,334860.7503052652,50660.75030526519
532000.0,520352.0992436558,-11647.9007563442
236000.0,74352.16937035322,-161647.83062964678
400375.0,351231.70841416717,-49143.291585832834
850000.0,946594.4306036383,96594.43060363829
732000.0,779731.2126603872,47731.21266038716
825000.0,1074546.2522729337,249546.25227293372
259950.0,151759.1165867895,-108190.88341321051
234000.0,208393.8801293224,-25606.11987067759
240000.0,396020.089630425,156020.08963042498
2500000.0,1469702.6805757731,-1030297.3194242269
464000.0,486706.79581958055,22706.795819580555
500000.0,442289.89967255294,-57710.10032744706
1130000.0,944908.482407093,-185091.51759290695
567500.0,714394.4877278507,146894.48772785068
682000.0,588702.5142871886,-93297.48571281135
950000.0,984658.473339811,34658.47333981097
860000.0,1159497.0304115564,299497.03041155636
495000.0,528036.7052351832,33036.70523518324
155000.0,148714.42830324173,-6285.57169675827
445000.0,467400.2212732434,22400.221273243427
709000.0,712261.5621124357,3261.5621124356985
645000.0,734029.986580208,89029.98658020794
242500.0,179730.20635139942,-62769.79364860058
315000.0,290071.4241307229,-24928.57586927712
285000.0,339497.275133729,54497.27513372898
525000.0,575555.5523118824,50555.55231188238
812000.0,900755.9684651196,88755.9684651196
525000.0,488893.1223926693,-36106.87760733068
950000.0,840189.510010004,-109810.48998999596
225000.0,242765.00728964806,17765.007289648056
190000.0,230398.1034348011,40398.1034348011
380000.0,334590.22407618165,-45409.77592381835
234000.0,70003.39884619415,-163996.60115380585
394000.0,428791.6251768023,34791.62517680228
250000.0,171110.73808065057,-78889.26191934943
259500.0,261632.69240435958,2132.692404359579
900000.0,898273.9407045841,-1726.0592954158783
849950.0,917648.3628110886,67698.36281108856
299900.0,168261.01010462642,-131638.98989537358
298000.0,289513.7828645557,-8486.217135444283
462000.0,437859.2918946147,-24140.708105385303
179900.0,-11628.78313717246,-191528.78313717246
525000.0,630790.9251335412,105790.92513354123
269950.0,232921.5667294711,-37028.43327052891
1248000.0,944408.194217518,-303591.805782482
550000.0,586914.1910663992,36914.19106639922
409950.0,403281.4347797781,-6668.565220221877
304000.0,229417.74729532003,-74582.25270467997
718000.0,816677.2566353232,98677.25663532317
275000.0,253136.83429434896,-21863.165705651045
865000.0,934203.4571364671,69203.4571364671
490000.0,399909.7166784555,-90090.28332154453
650000.0,684934.8748264909,34934.87482649088
405000.0,582388.5045655966,177388.50456559658
369000.0,282125.49327489734,-86874.50672510266
336000.0,342771.11279579997,6771.112795799971
213550.0,291618.04369959235,78068.04369959235
600000.0,532929.7081696987,-67070.29183030128
352500.0,388929.9461556822,36429.946155682206
519950.0,410842.6681461185,-109107.33185388148
253905.0,204212.81829160452,-49692.18170839548
305000.0,199897.47234287858,-105102.52765712142
172500.0,172540.54173599184,40.541735991835594
561750.0,558626.8071669936,-3123.192833006382
275000.0,300548.54620821774,25548.54620821774
370950.0,394536.392243281,23586.392243281007
1000000.0,962538.0086317211,-37461.99136827886
575000.0,570324.7587709725,-4675.24122902751
358000.0,384449.58467686176,26449.584676861763
395000.0,382091.08799923956,-12908.912000760436
420000.0,434651.2558336854,14651.255833685398
440000.0,502359.8857000172,62359.885700017214
1650000.0,1387807.99169074,-262192.00830926
415000.0,363521.48816998303,-51478.51183001697
669950.0,509632.51742474735,-160317.48257525265
400000.0,430607.507686764,30607.507686764002
299950.0,344051.899208799,44101.899208799005
3640900.0,3260490.819991663,-380409.1800083369
399000.0,620009.9914394468,221009.9914394468
340000.0,309973.944106549,-30026.055893450975
317000.0,386569.67067170143,69569.67067170143
960000.0,1233469.7872679234,273469.78726792336
197000.0,130969.40807391703,-66030.59192608297
1700000.0,1523144.3521378338,-176855.64786216617
458000.0,577480.0334481895,119480.0334481895
575000.0,371763.2193406075,-203236.78065939248
780000.0,870553.3715753555,90553.37157535553
490000.0,733622.4868449867,243622.48684498668
639000.0,661233.9005205333,22233.900520533323
399950.0,249342.1147273183,-150607.8852726817
212000.0,284375.19512054324,72375.19512054324
550000.0,519322.41357171535,-30677.586428284645
415000.0,281067.04796369374,-133932.95203630626
239300.0,146066.38374571502,-93233.61625428498
815000.0,438044.9334947467,-376955.0665052533
294500.0,291058.960374251,-3441.039625748992
287500.0,274075.22764734924,-13424.772352650762
260000.0,407745.2047010809,147745.20470108092
400000.0,481329.5809352398,81329.58093523979
482000.0,404151.22479479015,-77848.77520520985
663500.0,509427.5245310664,-154072.47546893358
553650.0,795234.4364139736,241584.43641397357
775000.0,836932.014380753,61932.01438075304
445000.0,351967.7559212893,-93032.24407871068
215000.0,88006.76316857338,-126993.23683142662
334000.0,349302.7770446092,15302.777044609189
1003000.0,965170.4211548716,-37829.57884512842
330000.0,359314.42525070906,29314.425250709057
625000.0,679690.1099179089,54690.10991790891
210000.0,-35588.306828290224,-245588.30682829022
526000.0,483898.7968752086,-42101.203124791384
2750000.0,2102819.9051156193,-647180.0948843807
680000.0,813765.5488307476,133765.5488307476
340000.0,328222.62323254347,-11777.376767456532
367500.0,522428.5152131021,154928.5152131021
415000.0,359130.48811620474,-55869.51188379526
495000.0,477893.7433208972,-17106.25667910278
772000.0,610627.9171062857,-161372.0828937143
650000.0,619767.2807728648,-30232.71922713518
246000.0,188696.61167547107,-57303.38832452893
1900000.0,2076719.6441816837,176719.64418168366
625000.0,611992.9878010005,-13007.012198999524
515000.0,501920.4971257299,-13079.502874270082
367500.0,439960.70491851866,72460.70491851866
240000.0,182870.47564817965,-57129.52435182035
500000.0,477261.9644345939,-22738.035565406084
443000.0,381924.90788297355,-61075.09211702645
1150000.0,1272378.9107500762,122378.91075007617
333000.0,503284.8618167639,170284.86181676388
1075000.0,980021.7050431818,-94978.29495681822
245000.0,166546.27139097452,-78453.72860902548
410000.0,409371.59918157756,-628.4008184224367
265000.0,281857.6315933019,16857.631593301892
340000.0,332039.08651576936,-7960.913484230638
268000.0,222690.71214954555,-45309.28785045445
713414.0,912525.8979492933,199111.89794929326
310000.0,333050.9379489571,23050.937948957086
760000.0,701424.3754061908,-58575.62459380925
244000.0,221292.81213255227,-22707.187867447734
391500.0,469350.95168691874,77850.95168691874
349950.0,591990.2243370414,242040.22433704138
295000.0,292125.33161236346,-2874.6683876365423
776500.0,706032.1709189862,-70467.8290810138
603000.0,618258.6409275383,15258.640927538276
659500.0,670410.7284710854,10910.72847108543
500000.0,505166.7717666477,5166.7717666476965
620000.0,861604.8480121642,241604.84801216424
335000.0,379384.84678548574,44384.846785485744
995000.0,1821054.5738422573,826054.5738422573
269000.0,258767.54893662035,-10232.451063379645
174950.0,63719.52431683242,-111230.47568316758
235000.0,270171.59097601473,35171.59097601473
601000.0,577974.573145479,-23025.426854521036
465000.0,593688.8789656162,128688.87896561623
1225000.0,1782691.8113891035,557691.8113891035
356700.0,309648.6194051504,-47051.38059484959
560000.0,466212.61190375686,-93787.38809624314
285000.0,193850.27867802978,-91149.72132197022
460000.0,393086.3160035908,-66913.68399640918
533112.0,554123.2516736537,21011.25167365372
603500.0,1038671.6950718015,435171.69507180154
415000.0,499591.1796747595,84591.1796747595
267500.0,185892.5997569114,-81607.4002430886
745000.0,723059.2340741605,-21940.765925839543
279000.0,280946.1152922064,1946.1152922064066
295000.0,243527.99199530482,-51472.00800469518
436000.0,508891.61621645093,72891.61621645093
350000.0,379330.2339502275,29330.2339502275
450000.0,450555.94850315154,555.948503151536
345000.0,238558.06621040404,-106441.93378959596
697000.0,764244.1558904201,67244.15589042008
119900.0,23004.81336775422,-96895.18663224578
400000.0,352781.0963269621,-47218.90367303789
1300000.0,1244105.9388078898,-55894.06119211018
860000.0,1563159.24508214,703159.24508214
274000.0,299591.5556757152,25591.555675715208
460000.0,531372.7984690666,71372.79846906662
1095000.0,1045125.3525449485,-49874.64745505154
528000.0,647435.4685496092,119435.46854960918
204950.0,162333.29967029393,-42616.70032970607
549900.0,510965.5599395931,-38934.44006040692
430000.0,430453.2626969367,453.26269693672657
183000.0,73510.59790416062,-109489.40209583938
538000.0,637921.0886982679,99921.08869826794
415000.0,490066.6857700646,75066.68577006459
815000.0,929559.5481656641,114559.54816566408
375000.0,270961.535421744,-104038.46457825601
723000.0,689019.9012823701,-33980.09871762991
740000.0,895897.738499105,155897.73849910498
450000.0,583545.2620856911,133545.2620856911
650000.0,738582.9966477007,88582.99664770067
750000.0,649446.0564147085,-100553.9435852915
220000.0,316042.28968562186,96042.28968562186
1262000.0,781602.2757979184,-480397.72420208156
335000.0,295089.35711970925,-39910.64288029075
239900.0,43165.157778814435,-196734.84222118556
219950.0,162413.68181234598,-57536.31818765402
349950.0,285484.2227411419,-64465.777258858085
515000.0,723235.4035342187,208235.40353421867
225000.0,109536.35131849349,-115463.64868150651
570000.0,575057.2314271778,5057.231427177787
457000.0,488905.9873728454,31905.98737284541
278000.0,191664.59024707973,-86335.40975292027
866059.0,807637.6386531293,-58421.36134687066
476500.0,502409.418235302,25909.41823530197
2351960.0,1621864.9804417193,-730095.0195582807
1272000.0,1195842.6109516472,-76157.38904835284
675000.0,560146.4643258601,-114853.53567413986
450000.0,663965.8292050213,213965.82920502126
500000.0,484303.68852292,-15696.311477079988
307000.0,187086.84007653594,-119913.15992346406
285000.0,337463.51448974013,52463.51448974013
1375000.0,1475620.9720938355,100620.97209383547
441000.0,288907.277050823,-152092.72294917703
395000.0,415385.5732753724,20385.573275372386
500000.0,583732.8975544572,83732.89755445719
683500.0,719611.8533606082,36111.85336060822
274000.0,316369.86178667843,42369.86178667843
1081000.0,1028782.3811858147,-52217.61881418526
540000.0,514470.35727854073,-25529.64272145927
339900.0,402712.1613934338,62812.16139343381
425000.0,188321.41528382897,-236678.58471617103
438000.0,457078.3249964863,19078.324996486306
456000.0,376534.9341827631,-79465.0658172369
449400.0,442798.04912243783,-6601.950877562165
210000.0,186371.21590021253,-23628.784099787474
1320000.0,1090379.4956183434,-229620.50438165665
577500.0,621133.2518349141,43633.25183491409
602000.0,541864.5255118608,-60135.47448813915
265000.0,194146.61757047474,-70853.38242952526
460000.0,486460.2615877092,26460.26158770919
635000.0,582801.3948392719,-52198.6051607281
700000.0,563777.9704854041,-136222.02951459587
413000.0,478806.484679386,65806.48467938602
345000.0,327188.01018466055,-17811.989815339446
690000.0,738369.7332688123,48369.7332688123
215000.0,193682.80741114914,-21317.192588850856
389250.0,367835.3665419221,-21414.633458077908
1088890.0,1122802.4031434357,33912.40314343572
316500.0,272356.2492170185,-44143.750782981515
530000.0,675494.9563292414,145494.9563292414
2950000.0,1344968.7162964344,-1605031.2837035656
392500.0,477820.218841359,85320.21884135902
562000.0,579559.1764958203,17559.176495820284
3200000.0,1951546.2724389285,-1248453.7275610715
530000.0,399548.21080186963,-130451.78919813037
540000.0,578007.5470023602,38007.547002360225
491500.0,659451.4323572963,167951.43235729635
390000.0,482960.073700428,92960.07370042801
1115000.0,938623.230613336,-176376.76938666403
760000.0,731448.0422727168,-28551.95772728324
560000.0,454521.4124503732,-105478.58754962683
563500.0,446472.1044036448,-117027.8955963552
350000.0,345757.3462191969,-4242.653780803084
310000.0,254871.49762795866,-55128.502372041345
500000.0,660187.5224391669,160187.5224391669
287000.0,272529.84322334826,-14470.15677665174
805000.0,953631.3541171551,148631.35411715508
462370.0,618231.9824162722,155861.98241627216
632500.0,643122.722252056,10622.722252056003
1200000.0,1258995.6458904445,58995.64589044452
665000.0,727301.320742473,62301.320742473006
322000.0,257621.93657696247,-64378.06342303753
229000.0,187446.18425382674,-41553.81574617326
610000.0,777166.1990587264,167166.19905872643
715000.0,928502.9595965296,213502.9595965296
373000.0,414447.25522854924,41447.25522854924
1309500.0,1406249.417081073,96749.41708107293
222000.0,184613.35594132543,-37386.644058674574
453500.0,623972.5427649468,170472.54276494682
535000.0,502542.344755888,-32457.655244112015
585000.0,705887.1330731362,120887.13307313621
585000.0,515923.7387586832,-69076.2612413168
506000.0,489523.07534326613,-16476.92465673387
762500.0,824901.0762506723,62401.07625067234
477000.0,330270.61851486564,-146729.38148513436
690000.0,721284.6555398107,31284.655539810658
279900.0,40626.333775788546,-239273.66622421145
350000.0,423168.8898318261,73168.88983182609
476500.0,432061.3902374059,-44438.609762594104
225000.0,126705.28878077865,-98294.71121922135
294950.0,336048.33712241054,41098.337122410536
280000.0,269041.0415606499,-10958.958439350128
400000.0,388908.0306239277,-11091.969376072288
290000.0,514436.045262903,224436.04526290298
425000.0,364107.6196668297,-60892.380333170295
159000.0,274736.6902888715,115736.69028887153
590000.0,520199.461785689,-69800.538214311
655100.0,580512.9096485078,-74587.09035149217
1030000.0,888992.324549377,-141007.67545062304
361000.0,528410.2149235457,167410.21492354572
324950.0,265232.2548098117,-59717.74519018829
249000.0,185998.61476017535,-63001.38523982465
657000.0,556632.3991781175,-100367.60082188249
875000.0,771877.6683828086,-103122.33161719143
255000.0,283957.8872564435,28957.8872564435
616000.0,659792.1465353668,43792.14653536677
627000.0,616707.3681840003,-10292.631815999746
380000.0,358365.60954737663,-21634.390452623367
275000.0,237745.9236394763,-37254.0763605237
375000.0,410129.55412113667,35129.554121136665
750000.0,777205.7137815058,27205.713781505823
1300000.0,1285352.4009695798,-14647.599030420184
675000.0,694906.8396743387,19906.8396743387
376000.0,423228.7299720645,47228.729972064495
506000.0,574407.9880795777,68407.98807957768
380000.0,488513.2010900676,108513.20109006763
452000.0,617308.1590454131,165308.15904541314
896000.0,1073411.5553050786,177411.55530507863
548500.0,611001.1102786958,62501.11027869582
385000.0,424531.7305639982,39531.73056399822
431000.0,455079.3938599378,24079.393859937787
495000.0,481248.9480293691,-13751.051970630884
358803.0,275799.7341905087,-83003.26580949128
355000.0,344898.8470424861,-10101.152957513928
429950.0,540705.3502938151,110755.35029381514
410000.0,463273.4646213949,53273.46462139487
579100.0,473484.7247233838,-105615.27527661622
432100.0,474303.76599290967,42203.76599290967
800000.0,749759.1460883766,-50240.85391162336
465000.0,356829.13057267666,-108170.86942732334
219000.0,89094.77173872292,-129905.22826127708
389999.0,308436.5637154877,-81562.43628451228
364950.0,410298.9397254437,45348.93972544372
243950.0,164644.26305751503,-79305.73694248497
585000.0,616616.2207975537,31616.22079755366
82500.0,-53787.18395379186,-136287.18395379186
370000.0,401150.6743282974,31150.674328297377
347000.0,456133.7600683123,109133.76006831229
510000.0,646842.2159108073,136842.21591080725
415000.0,637673.9711598456,222673.9711598456
405000.0,347166.8782593161,-57833.12174068391
1050000.0,1011048.3483376056,-38951.651662394404
435000.0,358027.93067386746,-76972.06932613254
713500.0,976629.2673677504,263129.2673677504
812000.0,821310.9764826596,9310.976482659578
480000.0,447804.3148518652,-32195.685148134828
682500.0,712878.9965594262,30378.99655942619
379950.0,333568.37449254096,-46381.625507459044
895000.0,1175074.0405244976,280074.0405244976
2205000.0,956726.8955954313,-1248273.1044045687
285000.0,111830.34377805889,-173169.6562219411
340000.0,281744.34947124124,-58255.650528758764
450000.0,493577.77725562453,43577.77725562453
257950.0,145073.52004811168,-112876.47995188832
845000.0,1068999.4650272876,223999.4650272876
849000.0,730113.3381729722,-118886.6618270278
1100000.0,1228420.972382784,128420.97238278389
150000.0,159037.36671167612,9037.36671167612
613200.0,807723.1944645494,194523.19446454942
682000.0,853820.418466106,171820.41846610606
228950.0,101619.59562815726,-127330.40437184274
536000.0,532871.9219650477,-3128.078034952283
332000.0,317982.81404298544,-14017.18595701456
565000.0,595117.7625409216,30117.76254092157
253400.0,203487.3035467118,-49912.6964532882
380000.0,235125.41184595227,-144874.58815404773
295000.0,258937.94235263765,-36062.05764736235
585000.0,612284.2383397222,27284.238339722157
359999.0,545223.04847987,185224.04847986996
256400.0,169515.73059913516,-86884.26940086484
515000.0,588304.1184968799,73304.11849687994
675000.0,607739.3732833862,-67260.62671661377
605000.0,711123.5272695422,106123.52726954222
474950.0,494478.56832943857,19528.568329438567
234950.0,311253.22206395864,76303.22206395864
639900.0,874694.0124509484,234794.01245094836
230000.0,170195.99979129434,-59804.000208705664
190000.0,118184.69671674073,-71815.30328325927
635000.0,619850.5377699882,-15149.46223001182
551500.0,629033.0492074192,77533.04920741916
237000.0,177083.477863878,-59916.52213612199
262500.0,324187.31701381505,61687.317013815045
235000.0,147609.73744252324,-87390.26255747676
719000.0,681114.1450977325,-37885.854902267456
285000.0,172349.3263115734,-112650.67368842661
270500.0,419526.5752026588,149026.57520265877
394999.0,412088.11983560026,17089.119835600257
345000.0,443253.9161337763,98253.9161337763
280000.0,342597.52805647254,62597.52805647254
185000.0,146488.24451713264,-38511.75548286736
313500.0,314275.0868317485,775.0868317484856
690000.0,776399.8544502854,86399.85445028543
190000.0,196662.40981210768,6662.409812107682
900000.0,2042836.4161614329,1142836.4161614329
2300000.0,1583544.46636194,-716455.5336380601
462000.0,607139.3014015108,145139.30140151083
665000.0,603489.3134332746,-61510.68656672537
499950.0,640027.96259211,140077.96259211004
504058.0,579010.3252573311,74952.32525733113
571000.0,530712.6701057106,-40287.329894289374
630000.0,631139.2808507085,1139.2808507084846
277000.0,246947.43973466754,-30052.56026533246
650000.0,773876.3710388094,123876.37103880942
417500.0,320506.54905821383,-96993.45094178617
221000.0,135071.55347803235,-85928.44652196765
1161000.0,994513.0323133022,-166486.96768669784
425000.0,448052.5543330908,23052.554333090782
265000.0,295596.3054008484,30596.30540084839
254000.0,270989.9724545628,16989.972454562783
436472.0,475415.5625588,38943.56255879998
500000.0,498796.1217018217,-1203.8782981783152
559950.0,507696.5477144718,-52253.45228552818
715000.0,723151.8912522793,8151.891252279282
800000.0,544187.1367718279,-255812.86322817206
465425.0,558566.6933580339,93141.6933580339
1339000.0,1143292.6859541982,-195707.31404580176
410000.0,436572.3795236796,26572.379523679614
195000.0,296327.11539812386,101327.11539812386
333760.0,398179.09201681614,64419.09201681614
565000.0,524519.7231481075,-40480.27685189247
435000.0,414660.9192482084,-20339.080751791596
333000.0,320540.6471533179,-12459.352846682072
765000.0,574768.2827535868,-190231.71724641323
1700000.0,1441197.475563094,-258802.52443690598
570000.0,865165.7599631399,295165.7599631399
1230000.0,1244351.0570548922,14351.057054892182
264900.0,273337.248724401,8437.248724400997
140000.0,200300.52194081247,60300.52194081247
290000.0,208358.41144996881,-81641.58855003119
299000.0,285835.62594234943,-13164.374057650566
266490.0,216344.06242790818,-50145.93757209182
870000.0,1034155.372645542,164155.37264554203
429900.0,386381.32199525833,-43518.67800474167
370000.0,318754.60112810135,-51245.39887189865
299900.0,229874.30648440123,-70025.69351559877
313100.0,430422.9623501301,117322.96235013008
542000.0,637045.4880547374,95045.48805473745
350000.0,469048.9088628888,119048.90886288881
515000.0,443228.3390763402,-71771.6609236598
820000.0,807835.3829202205,-12164.617079779506
520000.0,470797.12340343,-49202.876596570015
500000.0,591712.7263058275,91712.7263058275
235000.0,240788.19200982153,5788.192009821534
329000.0,353035.60877004266,24035.608770042658
274975.0,743808.0376493484,468833.0376493484
124000.0,98230.3832846582,-25769.616715341806
342000.0,343716.2288285345,1716.228828534484
202000.0,146103.1124997884,-55896.8875002116
375000.0,516851.14755028486,141851.14755028486
310000.0,346976.7868640572,36976.78686405718
390000.0,387566.93171030283,-2433.0682896971703
790000.0,788440.7663792372,-1559.233620762825
336000.0,569227.5206746906,233227.5206746906
728000.0,782531.4572654963,54531.457265496254
599000.0,596473.9693839252,-2526.0306160748005
335000.0,385201.53546890616,50201.535468906164
211000.0,231738.61892732978,20738.61892732978
405000.0,544974.5832700133,139974.58327001333
665000.0,695275.339970544,30275.33997054398
515000.0,446763.4634209424,-68236.53657905757
385000.0,442654.8620276153,57654.86202761531
659500.0,762671.9371599704,103171.9371599704
905000.0,844237.19079341,-60762.80920659006
285000.0,449616.90409086645,164616.90409086645
375000.0,407896.528963238,32896.528963238
856000.0,999304.5224216878,143304.52242168784
231500.0,180199.88378101587,-51300.11621898413
1565000.0,1133005.5070181787,-431994.4929818213
855000.0,957123.8863469362,102123.88634693623
385000.0,321751.5818502009,-63248.41814979911
1215000.0,1015243.4364954829,-199756.56350451708
309000.0,267902.30022990704,-41097.699770092964
269950.0,338905.714973107,68955.71497310698
554000.0,650166.4654307663,96166.46543076634
312000.0,278602.7117937803,-33397.28820621967
344950.0,331422.0847956836,-13527.915204316378
202200.0,253294.73455809057,51094.73455809057
320000.0,320735.94287648797,735.9428764879704
348000.0,430063.19872172177,82063.19872172177
500000.0,511160.88440452516,11160.88440452516
370000.0,552036.3472916335,182036.3472916335
460000.0,451823.3950664699,-8176.604933530092
510000.0,380008.9448234886,-129991.0551765114
765000.0,634573.1744433492,-130426.82555665076
860000.0,861660.0864325315,1660.086432531476
390000.0,428667.10333383083,38667.10333383083
397500.0,401365.80773830414,3865.807738304138
535000.0,514473.44868914783,-20526.55131085217
580000.0,869703.9873225987,289703.9873225987
705380.0,675174.2112983465,-30205.78870165348
289000.0,150568.4869888574,-138431.5130111426
207000.0,183449.7926837802,-23550.207316219807
399000.0,364695.55587618053,-34304.44412381947
206000.0,34238.63747240603,-171761.36252759397
975000.0,827825.8349267095,-147174.16507329047
495000.0,523608.5243540257,28608.52435402572
690000.0,664982.7536889017,-25017.246311098337
199950.0,11935.002255991101,-188014.9977440089
289950.0,223544.48186689615,-66405.51813310385
920000.0,932337.6964404434,12337.696440443397
383900.0,400561.4449507594,16661.44495075941
449950.0,432776.3322324306,-17173.667767569423
511000.0,648197.4416536242,137197.44165362418
255000.0,152036.45844753087,-102963.54155246913
100000.0,-92376.13628695905,-192376.13628695905
500000.0,405898.5795610696,-94101.42043893039
320000.0,345696.4744953066,25696.47449530661
480000.0,558235.5081206113,78235.50812061131
180000.0,69556.77919276059,-110443.22080723941
385000.0,297213.2803862989,-87786.7196137011
401000.0,392570.65824988484,-8429.341750115156
315000.0,179992.74032649398,-135007.25967350602
230000.0,124162.39778487384,-105837.60221512616
385000.0,340101.37213374674,-44898.62786625326
640000.0,512805.68632021546,-127194.31367978454
680000.0,623222.6023811996,-56777.3976188004
307000.0,333883.7639400661,26883.7639400661
308000.0,216232.8213864863,-91767.17861351371
653500.0,747308.2114617974,93808.21146179736
175000.0,-13633.755968213081,-188633.75596821308
445000.0,284006.30474357307,-160993.69525642693
195000.0,240421.58530402184,45421.585304021835
510000.0,637106.3112584054,127106.31125840545
861111.0,955323.9700962305,94212.9700962305
1102030.0,1186233.0393821,84203.0393821001
259000.0,103773.53966762125,-155226.46033237875
870000.0,808134.5427313745,-61865.4572686255
605000.0,861251.6116981059,256251.61169810593
479950.0,514802.544999972,34852.544999971986
257000.0,211751.9960846156,-45248.00391538441
792000.0,753781.6002040505,-38218.39979594946
253000.0,203299.06872689724,-49700.93127310276
285000.0,201424.58272127807,-83575.41727872193
770000.0,827911.087743327,57911.08774332702
2500000.0,2316023.0867782235,-183976.91322177649
585000.0,530140.1012968719,-54859.8987031281
329000.0,239119.87514698505,-89880.12485301495
352800.0,416256.28932981193,63456.28932981193
324950.0,336513.55121558905,11563.551215589046
215000.0,188332.2916805148,-26667.708319485188
528000.0,454923.91643318534,-73076.08356681466
334000.0,341948.1144127399,7948.114412739873
455000.0,402463.0522399545,-52536.94776004553
230000.0,251715.39500060678,21715.395000606775
310000.0,257294.75270844996,-52705.24729155004
275000.0,332878.4134415537,57878.41344155371
410000.0,375211.6456184685,-34788.35438153148
650000.0,578158.37449117,-71841.62550882995
544950.0,548652.4471222013,3702.4471222013235
350000.0,363520.982793048,13520.982793048024
738000.0,801543.8078680336,63543.80786803365
810000.0,939368.5940508842,129368.59405088425
299000.0,323883.6343077421,24883.63430774212
520000.0,1151285.8780374527,631285.8780374527
1750000.0,1502047.4610975534,-247952.53890244663
335000.0,369472.7846451849,34472.784645184875
741500.0,612365.9553962797,-129134.04460372031
766500.0,885578.2628000081,119078.26280000806
507000.0,405383.59884151816,-101616.40115848184
500000.0,639084.8184534311,139084.81845343113
555000.0,639524.1843309551,84524.18433095515
361500.0,395714.8954678923,34214.89546789229
299950.0,231537.24599316716,-68412.75400683284
201000.0,233912.58370621502,32912.583706215024
279000.0,287399.81132373214,8399.811323732138
513000.0,540379.0116487592,27379.011648759246
316000.0,231817.20275968313,-84182.79724031687
669000.0,575703.4364926219,-93296.5635073781
825000.0,920963.8857002854,95963.88570028543
885000.0,1140622.70663324,255622.70663323998
1600000.0,1293207.7139794976,-306792.28602050245
749950.0,782360.2420539111,32410.24205391109
452500.0,461976.66168406606,9476.661684066057
422000.0,550005.8481936902,128005.84819369018
180000.0,70454.3759637475,-109545.6240362525
390000.0,356374.6527327448,-33625.34726725519
256000.0,251773.10170656443,-4226.898293435574
325000.0,325017.3913535923,17.391353592276573
754800.0,696192.9142251015,-58607.08577489853
244000.0,246391.372963503,2391.372963503003
725000.0,648545.9963197708,-76454.00368022919
520500.0,598331.5900430083,77831.59004300833
455000.0,490958.62632088363,35958.62632088363
178000.0,317737.0915026963,139737.09150269628
290000.0,240499.1802778989,-49500.81972210109
688000.0,862918.6742441654,174918.67424416542
855000.0,713337.897510007,-141662.10248999298
732000.0,886760.1627068073,154760.16270680726
624900.0,586128.4544143528,-38771.545585647225
775000.0,760792.7066028118,-14207.293397188187
724950.0,685255.9598882049,-39694.04011179507
183000.0,21605.089015603065,-161394.91098439693
815000.0,886674.3340687901,71674.33406879008
780000.0,1136761.2986031324,356761.29860313237
330000.0,290017.76957936585,-39982.23042063415
246500.0,175095.33011843264,-71404.66988156736
372000.0,420246.62785823643,48246.62785823643
500000.0,364452.91615222394,-135547.08384777606
587000.0,623651.150192067,36651.15019206703
469950.0,506678.94088214636,36728.94088214636
1100000.0,853961.6904078126,-246038.3095921874
825000.0,706848.4885858148,-118151.51141418517
650000.0,680424.1106085926,30424.11060859263
297300.0,294399.68612381816,-2900.313876181841
810000.0,812674.4483908415,2674.448390841484
245000.0,221469.5409181863,-23530.459081813693
385000.0,412875.1236445755,27875.123644575477
212000.0,331940.0724555701,119940.0724555701
327000.0,321259.4272569269,-5740.572743073106
276693.0,243584.18251787126,-33108.81748212874
1175000.0,1087235.9885805398,-87764.01141946018
157500.0,124015.43496696651,-33484.56503303349
210000.0,156561.22785246372,-53438.77214753628
550000.0,547764.5262383968,-2235.473761603236
513000.0,469831.9008180648,-43168.09918193519
475000.0,349968.2219442725,-125031.77805572748
394950.0,411118.0945676863,16168.09456768632
1799000.0,1282204.162905395,-516795.83709460497
1250000.0,989104.2682489306,-260895.73175106943
550000.0,429742.30112057924,-120257.69887942076
255000.0,161210.52595561743,-93789.47404438257
215000.0,113951.68536914885,-101048.31463085115
889950.0,937600.2499601692,47650.249960169196
430000.0,372844.25234492123,-57155.74765507877
208000.0,240739.34173686802,32739.341736868024
349950.0,527320.7018483281,177370.7018483281
352750.0,317623.24673081934,-35126.753269180655
672800.0,664014.6579425931,-8785.342057406902
320000.0,363289.9545213282,43289.95452132821
2475000.0,1399241.1490685046,-1075758.8509314954
400000.0,406100.5605671704,6100.560567170382
805000.0,910351.9055891931,105351.9055891931
730000.0,737572.5581148565,7572.558114856482
263300.0,280458.8810093701,17158.88100937009
865000.0,981545.0922270268,116545.09222702682
325000.0,217601.24009998143,-107398.75990001857
515000.0,543340.6467444301,28340.646744430065
375000.0,261535.285946697,-113464.714053303
775000.0,765601.9098975062,-9398.090102493763
435000.0,422551.49408581853,-12448.50591418147
525000.0,530432.9648435712,5432.964843571186
525000.0,548305.5836580992,23305.583658099174
523000.0,692071.9514056742,169071.95140567422
431000.0,615577.9071356952,184577.90713569522
699950.0,692750.7126261294,-7199.287373870611
893880.0,724831.2355825156,-169048.7644174844
545000.0,442270.86225007474,-102729.13774992526
350000.0,368993.29749287665,18993.29749287665
320000.0,381418.7731307,61418.77313069999
424950.0,466343.9741599709,41393.97415997088
233000.0,384469.1556312442,151469.15563124418
380000.0,439957.6950811744,59957.69508117437
640000.0,895503.1786592156,255503.17865921557
1438890.0,1218539.622176528,-220350.37782347202
250000.0,96306.50796629488,-153693.49203370512
957000.0,760957.874099791,-196042.12590020895
240000.0,222909.46477392316,-17090.53522607684
545000.0,279822.9901805967,-265177.0098194033
124000.0,52486.0921523571,-71513.9078476429
570000.0,748558.1464585066,178558.14645850658
1072000.0,1100225.5291115344,28225.529111534357
220000.0,222607.5081347525,2607.508134752512
760000.0,712197.445208013,-47802.55479198694
769995.0,697359.1299156845,-72635.87008431554
360000.0,405724.1246649027,45724.12466490269
1650000.0,1509417.6985177994,-140582.30148220062
650000.0,785014.0104017705,135014.01040177047
364000.0,316200.5260478407,-47799.473952159286
740000.0,897228.5859649479,157228.58596494794
465750.0,402905.92754884064,-62844.07245115936
538500.0,539138.0835107714,638.0835107713938
474000.0,559923.1202235222,85923.12022352219
809950.0,779648.224350974,-30301.775649026036
160000.0,116852.56349176168,-43147.436508238316
670000.0,639305.3202735037,-30694.67972649634
334990.0,415205.3045094162,80215.30450941622
278500.0,260424.55870302022,-18075.441296979785
1385000.0,1320204.9878108203,-64795.01218917966
330000.0,325086.6150920242,-4913.384907975793
429900.0,646857.9977223873,216957.9977223873
233000.0,104749.47750629485,-128250.52249370515
455000.0,544032.9548046887,89032.95480468869
258950.0,204781.25145621598,-54168.74854378402
555000.0,582382.9124741703,27382.912474170327
450000.0,494486.46128098667,44486.46128098667
622500.0,636098.175205633,13598.175205633044
340000.0,368915.0522464216,28915.052246421576
708000.0,760422.4961677641,52422.49616776407
230000.0,158114.59196178615,-71885.40803821385
1008000.0,788348.8971630186,-219651.10283698142
600000.0,768503.9022227675,168503.90222276747
100000.0,81530.5340783298,-18469.4659216702
1775000.0,1605816.2622721493,-169183.73772785068
875000.0,830528.7452863902,-44471.254713609815
412000.0,438553.19373212755,26553.193732127547
300000.0,222266.26929323375,-77733.73070676625
595000.0,723451.7704687417,128451.77046874166
540000.0,599124.3922309428,59124.392230942845
265000.0,149480.97739322484,-115519.02260677516
505000.0,626163.3405124694,121163.34051246941
379950.0,342149.6334987134,-37800.366501286626
390000.0,341598.0160841942,-48401.98391580582
589500.0,742531.8558018506,153031.85580185056
325500.0,371626.6214566827,46126.62145668268
700000.0,687035.842517063,-12964.157482936978
1200000.0,1250468.7843883932,50468.784388393164
288000.0,172529.9466446042,-115470.0533553958
359900.0,468396.8821722716,108496.88217227161
664000.0,738780.4191307276,74780.41913072765
342500.0,410173.3270762265,67673.32707622647
775000.0,852799.5410833806,77799.54108338058
490000.0,470714.9180819243,-19285.08191807568
327200.0,310165.8501203209,-17034.149879679084
425000.0,661484.6548509151,236484.65485091507
129000.0,131940.29835240543,2940.298352405429
285000.0,262867.59694705904,-22132.403052940965
269900.0,268376.7775122225,-1523.2224877774715
350000.0,373405.1109251827,23405.1109251827
128750.0,-46946.13423293829,-175696.1342329383
229000.0,353962.89273300767,124962.89273300767
795000.0,809212.4284528196,14212.428452819586
740000.0,984218.0700186491,244218.0700186491
359000.0,432387.8725454509,73387.87254545093
323000.0,270268.1130480021,-52731.886951997876
280000.0,351636.77233688533,71636.77233688533
850000.0,954124.993235305,104124.99323530495
499950.0,670923.2468608618,170973.24686086178
685000.0,722660.6884276569,37660.68842765689
334950.0,279360.15396507084,-55589.846034929156
370000.0,490162.11281725764,120162.11281725764
570000.0,583388.2089970112,13388.208997011185
619000.0,762907.6417830735,143907.64178307354
780000.0,941539.7813961506,161539.7813961506
555000.0,597539.0092697144,42539.009269714355
436000.0,413411.3817740381,-22588.618225961924
810000.0,925667.0518773049,115667.05187730491
395000.0,395635.59090185165,635.590901851654
540000.0,606274.109065175,66274.10906517506
250000.0,349175.6812002957,99175.68120029569
487028.0,809885.4923728406,322857.49237284064
272000.0,290510.7470884174,18510.74708841741
612995.0,573148.4989635199,-39846.50103648007
500000.0,490436.22837638855,-9563.77162361145
270000.0,286750.88948595524,16750.88948595524
530000.0,591143.2610922605,61143.26109226048
399500.0,525776.8013456166,126276.80134561658
790000.0,843818.3676036596,53818.36760365963
529500.0,462800.00841391087,-66699.99158608913
280000.0,433303.8917005956,153303.89170059562
379000.0,558394.0413284153,179394.04132841527
669000.0,913299.8215780556,244299.82157805562
552500.0,523850.54876823723,-28649.451231762767
1280000.0,861030.5120872855,-418969.4879127145
467000.0,506754.6665749848,39754.66657498479
385000.0,323429.1844575107,-61570.81554248929
549950.0,558749.7576605827,8799.757660582662
550000.0,564289.6012336612,14289.601233661175
555000.0,608295.8372493982,53295.83724939823
535000.0,484958.1212223321,-50041.87877766788
759000.0,744806.6230163574,-14193.376983642578
657500.0,748108.7826224267,90608.78262242675
810000.0,811854.8840891421,1854.8840891420841
550000.0,629329.7656268775,79329.76562687755
774900.0,545278.8893394321,-229621.11066056788
1300000.0,1184487.0919748545,-115512.90802514553
263000.0,252490.96126133204,-10509.038738667965
137124.0,63250.28711350262,-73873.71288649738
1700000.0,1551110.3972516507,-148889.6027483493
465000.0,586037.9681955427,121037.9681955427
315000.0,559034.5208804458,244034.52088044584
267500.0,271430.1934900135,3930.19349001348
600000.0,598364.406155765,-1635.5938442349434
142500.0,65822.2013438642,-76677.7986561358
950000.0,1013728.6244393587,63728.62443935871
930000.0,815756.0630139858,-114243.93698601425
1650000.0,1371732.55638133,-278267.4436186701
900000.0,667999.3694317639,-232000.6305682361
282500.0,186692.74014146626,-95807.25985853374
315000.0,237523.03327539563,-77476.96672460437
390000.0,453967.9028085917,63967.90280859172
362000.0,294782.43693065643,-67217.56306934357
879000.0,1111352.8910170794,232352.89101707935
840000.0,873852.9163448215,33852.91634482145
1145000.0,1256803.5180312395,111803.51803123951
319900.0,351906.7735876292,32006.7735876292
525000.0,462761.619223997,-62238.380776003
340000.0,358624.55230526626,18624.55230526626
380000.0,486940.1002355814,106940.1002355814
210000.0,277698.6467565298,67698.64675652981
468000.0,573478.4103042185,105478.41030421853
520000.0,644212.6955650598,124212.69556505978
325000.0,260943.63609068096,-64056.36390931904
410000.0,380399.7905113399,-29600.209488660097
301500.0,243861.80350856483,-57638.19649143517
291970.0,54516.71676902473,-237453.28323097527
885000.0,814024.3470975608,-70975.65290243924
389000.0,391708.4754906148,2708.475490614772
490000.0,417032.2187307179,-72967.7812692821
1150000.0,1242504.8879082203,92504.88790822029
620000.0,731281.9363624305,111281.93636243045
340000.0,378458.1805431843,38458.18054318428
1384000.0,1318679.153381303,-65320.84661869705
409900.0,678060.7078848779,268160.7078848779
849900.0,530511.6324849725,-319388.3675150275
247500.0,195867.85647028685,-51632.143529713154
790000.0,785718.4295667857,-4281.570433214307
950000.0,776522.1857811213,-173477.81421887875
455000.0,645615.0830558836,190615.08305588365
221000.0,95785.05520740151,-125214.94479259849
625000.0,738541.5717188865,113541.5717188865
752000.0,1064082.4593634158,312082.45936341584
419950.0,437235.67731937766,17285.67731937766
739375.0,1023321.271358788,283946.271358788
378950.0,309909.9773533493,-69040.02264665067
713900.0,883576.7888467163,169676.78884671628
307450.0,387987.8617942184,80537.86179421842
600000.0,438991.80130788684,-161008.19869211316
628000.0,668207.5529645532,40207.55296455324
535000.0,374258.7250662148,-160741.2749337852
550000.0,492746.15057615936,-57253.84942384064
950000.0,1036925.7017327994,86925.70173279941
599900.0,629172.4681445062,29272.468144506216
790000.0,822804.8814020008,32804.881402000785
1300000.0,1139421.3588842005,-160578.64111579955
300000.0,284322.7030636817,-15677.296936318278
329500.0,268888.9027739018,-60611.09722609818
307700.0,231180.51635546982,-76519.48364453018
345000.0,299485.8808800131,-45514.11911998689
340000.0,521079.2943664044,181079.2943664044
666500.0,694019.2207346708,27519.22073467076
419000.0,440910.42214369774,21910.42214369774
500000.0,402513.39400556684,-97486.60599443316
489950.0,432823.9982486367,-57126.00175136328
452500.0,443039.6636825353,-9460.33631746471
358000.0,437979.0668180436,79979.06681804359
290750.0,272510.5869476646,-18239.41305233538
862500.0,788679.929759562,-73820.07024043798
542000.0,562875.9739300013,20875.97393000126
265000.0,149089.96571359038,-115910.03428640962
287200.0,276637.96901242435,-10562.03098757565
685000.0,759601.8021653891,74601.80216538906
689888.0,709203.2058987767,19315.20589877665
955000.0,1210894.1570665538,255894.15706655383
193000.0,64924.91870743036,-128075.08129256964
325000.0,441100.4995134473,116100.49951344728
196700.0,198786.73572070897,2086.7357207089663
218000.0,160727.2391050309,-57272.760894969106
735000.0,822643.2628898472,87643.26288984716
275900.0,178711.98512892425,-97188.01487107575
1010000.0,885338.248994574,-124661.75100542605
1045000.0,800672.3748655468,-244327.62513445318
718000.0,626473.8104797453,-91526.18952025473
845000.0,919946.770606786,74946.77060678601
385000.0,270209.4646835476,-114790.53531645238
660000.0,676029.7804314345,16029.780431434512
249950.0,318104.52346506715,68154.52346506715
790000.0,777163.9337956011,-12836.06620439887
340000.0,400673.4263366014,60673.42633660138
1050000.0,1026832.5549756736,-23167.445024326444
367500.0,321266.13398097456,-46233.866019025445
500000.0,549200.5607132167,49200.56071321666
349900.0,373695.37918812037,23795.379188120365
311000.0,282505.60834389925,-28494.39165610075
346500.0,410385.8663634658,63885.866363465786
254999.0,310267.6935377568,55268.6935377568
264500.0,264786.82155267894,286.8215526789427
334850.0,374851.8623749912,40001.86237499118
312000.0,289359.22696228325,-22640.773037716746
242000.0,188839.57621139288,-53160.42378860712
268000.0,205822.66637273133,-62177.33362726867
470000.0,688399.3000643402,218399.30006434023
285000.0,306279.8273974508,21279.827397450805
260000.0,273731.3120663166,13731.312066316605
1075000.0,966192.444591999,-108807.55540800095
374000.0,374250.5941335559,250.59413355588913
610000.0,607785.841705367,-2214.158294633031
768000.0,729109.598728016,-38890.40127198398
1049990.0,1010600.3004218638,-39389.699578136206
380000.0,244652.91547706723,-135347.08452293277
999000.0,742428.1710952669,-256571.82890473306
569900.0,449557.0040292591,-120342.99597074091
525888.0,532955.6716089249,7067.671608924866
1612500.0,2097524.500152305,485024.50015230477
935000.0,1049658.275078237,114658.27507823706
130000.0,316639.2038796395,186639.2038796395
825000.0,810165.8594780266,-14834.140521973372
680000.0,652393.2362041473,-27606.76379585266
270000.0,193641.87014698982,-76358.12985301018
403504.0,427076.78957261145,23572.78957261145
550000.0,635001.8191952407,85001.81919524074
780000.0,615998.0258739293,-164001.97412607074
439000.0,527612.7633634508,88612.76336345077
549000.0,548366.5332985371,-633.4667014628649
325000.0,243073.8523376584,-81926.1476623416
475000.0,394529.2932046205,-80470.70679537952
430000.0,393994.25498975813,-36005.745010241866
515000.0,417648.5083502084,-97351.4916497916
358000.0,285217.72806948423,-72782.27193051577
480000.0,741247.757861957,261247.75786195695
500000.0,681240.7763547599,181240.77635475993
210000.0,359584.5862413347,149584.58624133468
482500.0,760043.1029007733,277543.1029007733
374000.0,414090.7898373008,40090.78983730078
268000.0,205047.56338970363,-62952.43661029637
515000.0,496603.1589857787,-18396.84101422131
985000.0,968240.3426840603,-16759.657315939665
355000.0,342473.5797329992,-12526.420267000794
505000.0,751243.8997617513,246243.8997617513
385000.0,434222.75919161737,49222.75919161737
589000.0,555222.4109805822,-33777.58901941776
1675000.0,1637341.2831037343,-37658.716896265745
615000.0,659244.78003034,44244.780030339956
600000.0,706278.7260152549,106278.72601525486
361000.0,272573.69992284477,-88426.30007715523
350000.0,272972.3059784174,-77027.6940215826
850000.0,856803.4024585336,6803.402458533645
395000.0,406380.47169072926,11380.47169072926
285000.0,238603.0597935766,-46396.9402064234
650000.0,701396.399976477,51396.39997647703
430000.0,379595.0224734545,-50404.977526545525
695000.0,1027843.2718341798,332843.27183417976
700000.0,477023.40651352704,-222976.59348647296
775000.0,818328.6837584823,43328.68375848234
825000.0,844520.9034032673,19520.903403267264
1310000.0,1010702.3879473358,-299297.61205266416
730000.0,725480.7151050568,-4519.284894943237
290000.0,232274.0958635658,-57725.9041364342
195000.0,144355.4722226709,-50644.52777732909
269000.0,151129.5118341893,-117870.4881658107
400000.0,675347.0651960671,275347.0651960671
1065000.0,951779.2755372971,-113220.72446270287
425000.0,358975.9088882059,-66024.09111179411
685000.0,808730.1599886268,123730.15998862684
460000.0,367039.24594958127,-92960.75405041873
255000.0,168977.96143104136,-86022.03856895864
449500.0,374934.8708612621,-74565.12913873792
425000.0,315975.3482289165,-109024.65177108347
251000.0,248763.58907173574,-2236.4109282642603
379000.0,539340.1369758993,160340.13697589934
605000.0,773268.8173574954,168268.81735749543
335000.0,241503.17381210625,-93496.82618789375
399950.0,408976.41077670455,9026.41077670455
270000.0,213388.3411950767,-56611.658804923296
325000.0,244029.91710439324,-80970.08289560676
307000.0,255652.84960579872,-51347.15039420128
560000.0,552517.921402201,-7482.0785977989435
335000.0,266162.52663336694,-68837.47336663306
712500.0,1009703.1935281605,297203.19352816045
300000.0,381493.6541220099,81493.65412200987
260000.0,186072.07015107572,-73927.92984892428
425000.0,320513.83574558794,-104486.16425441206
729500.0,612585.4405224919,-116914.55947750807
549950.0,641109.3496105522,91159.34961055219
240000.0,191058.93914151192,-48941.06085848808
260000.0,211981.89596827328,-48018.10403172672
290000.0,281256.5474499464,-8743.452550053596
227000.0,191700.10320553184,-35299.896794468164
400000.0,766398.3036469668,366398.3036469668
259250.0,398031.33149933815,138781.33149933815
465000.0,384923.65021049976,-80076.34978950024
279950.0,297521.9200375378,17571.920037537813
615000.0,524178.71024380624,-90821.28975619376
319000.0,284791.5514483899,-34208.44855161011
405000.0,506930.8570931554,101930.85709315538
668000.0,596165.0869110227,-71834.91308897734
402000.0,478642.12961007655,76642.12961007655
315000.0,249723.06553433836,-65276.934465661645
881000.0,879566.7989759743,-1433.2010240256786
725786.0,813227.3439795673,87441.34397956729
450000.0,444537.912334159,-5462.087665840983
280000.0,225399.79962047935,-54600.200379520655
1550000.0,1751988.996662289,201988.9966622889
643000.0,457786.75681966543,-185213.24318033457
315000.0,201305.15487873554,-113694.84512126446
410000.0,476920.0115727782,66920.01157277822
300000.0,346464.1791190505,46464.1791190505
820000.0,850775.2487556487,30775.248755648732
315000.0,317054.09878079593,2054.098780795932
291600.0,254454.70712126791,-37145.292878732085
587500.0,568374.7160674185,-19125.283932581544
779950.0,796165.7051571906,16215.705157190561
675900.0,640518.7027266622,-35381.29727333784
333500.0,280695.61285454035,-52804.38714545965
650000.0,636910.1201191545,-13089.879880845547
1100000.0,1164658.6209311783,64658.62093117833
267100.0,270723.4621762037,3623.4621762037277
278000.0,243501.2061946839,-34498.79380531609
579950.0,545954.8912782222,-33995.1087217778
499000.0,518019.0840702057,19019.08407020569
730001.0,587456.2363488227,-142544.7636511773
620000.0,549817.0660448521,-70182.93395514786
780000.0,751826.0729316026,-28173.927068397403
378500.0,560648.6770325601,182148.6770325601
712000.0,739886.9576969147,27886.957696914673
2196000.0,1586860.8432183713,-609139.1567816287
337000.0,414833.82255904377,77833.82255904377
279950.0,231677.6429989487,-48272.35700105131
825000.0,694289.8447611034,-130710.15523889661
445434.0,535644.6985793859,90210.69857938588
219000.0,67620.64190609753,-151379.35809390247
625000.0,537414.5533364862,-87585.44666351378
319950.0,288442.0313055217,-31507.968694478273
815000.0,851866.0064353794,36866.006435379386
634800.0,715257.9963374585,80457.99633745849
609000.0,489400.8707552105,-119599.12924478948
975000.0,632209.5648965538,-342790.43510344625
661000.0,585194.83093822,-75805.16906177998
790000.0,665875.9874910414,-124124.01250895858
769000.0,1227758.3736003041,458758.3736003041
265000.0,363244.85375225544,98244.85375225544
252000.0,232485.13742290437,-19514.862577095628
475000.0,561871.0920151472,86871.09201514721
760000.0,898720.4825472981,138720.48254729807
250000.0,340816.6776826829,90816.67768268287
1600000.0,1267475.47897169,-332524.52102831006
290000.0,202625.1478805095,-87374.8521194905
255000.0,197451.71136587858,-57548.28863412142
450000.0,620211.0397078991,170211.0397078991
554000.0,651958.5023488104,97958.50234881043
345000.0,424308.30122579634,79308.30122579634
365000.0,364837.106337592,-162.89366240799427
425000.0,436698.410003379,11698.410003378987
395000.0,526761.9346565753,131761.93465657532
315000.0,325237.4480100423,10237.44801004231
345000.0,324856.5209041685,-20143.479095831513
320000.0,428934.68897755444,108934.68897755444
135000.0,-17654.93152923882,-152654.93152923882
1030000.0,972212.6649207324,-57787.33507926762
472000.0,663681.9092223495,191681.90922234952
835000.0,819473.814058885,-15526.185941115022
880000.0,1126159.2989379913,246159.29893799126
295000.0,317831.5731806308,22831.573180630803
337000.0,284776.7203464955,-52223.27965350449
278000.0,232735.64424943924,-45264.35575056076
575000.0,702788.3477669507,127788.34776695073
540000.0,538200.6731010228,-1799.3268989771605
564950.0,543282.3371274769,-21667.66287252307
1272500.0,986082.4062221795,-286417.59377782047
417000.0,393173.9509627074,-23826.0490372926
570000.0,404454.38463915884,-165545.61536084116
675000.0,714364.7811588198,39364.781158819795
553000.0,504043.71903783083,-48956.28096216917
500000.0,521641.0946432501,21641.094643250108
327500.0,206098.11487738788,-121401.88512261212
460000.0,457442.51936613023,-2557.480633869767
5350000.0,2732258.857361093,-2617741.142638907
200000.0,114488.44987544417,-85511.55012455583
212000.0,181538.59632334113,-30461.40367665887
523000.0,516997.7819726169,-6002.218027383089
650000.0,651250.5538259596,1250.5538259595633
109500.0,100978.28677155077,-8521.713228449225
413100.0,417538.5563669652,4438.556366965175
628990.0,671920.0839966685,42930.08399666846
840000.0,1090610.5609386414,250610.56093864143
645000.0,727483.697589159,82483.69758915901
790000.0,720340.6771922857,-69659.32280771434
430000.0,465127.6679382473,35127.66793824732
610000.0,526008.9677851349,-83991.03221486509
3650000.0,1924469.212615624,-1725530.787384376
483000.0,515947.6669739932,32947.66697399318
190000.0,281613.42975237966,91613.42975237966
350000.0,401663.97637341917,51663.976373419166
495000.0,404859.2411466837,-90140.7588533163
1400000.0,1245720.6187954843,-154279.3812045157
427500.0,479789.84164333344,52289.841643333435
970000.0,731190.6890033633,-238809.31099663675
392500.0,521737.31415994465,129237.31415994465
301950.0,255511.14362588525,-46438.85637411475
494000.0,496650.5149284601,2650.514928460121
400000.0,337513.7066540122,-62486.2933459878
492000.0,367241.70916576684,-124758.29083423316
1350000.0,1314299.1126970053,-35700.88730299473
350000.0,480062.32813867927,130062.32813867927
310000.0,232067.0521583408,-77932.94784165919
431500.0,438304.5936305672,6804.593630567193
260000.0,181498.98323874176,-78501.01676125824
390000.0,372968.1911999136,-17031.80880008638
577000.0,774681.7452785671,197681.74527856708
385000.0,407876.4553139657,22876.45531396568
290000.0,455577.884394601,165577.884394601
2300000.0,2068783.9015448838,-231216.09845511615
402395.0,488208.2934252918,85813.29342529178
1600000.0,1660600.9922685325,60600.992268532515
550000.0,891010.43099536,341010.43099536
280000.0,406217.187985003,126217.187985003
273000.0,242025.14062294364,-30974.85937705636
900000.0,842593.4896632135,-57406.51033678651
578550.0,622609.3113013208,44059.31130132079
379500.0,352153.8733883798,-27346.126611620188
620000.0,834192.1512574852,214192.15125748515
488500.0,348120.24355493486,-140379.75644506514
609000.0,953841.9805552512,344841.98055525124
655000.0,670760.1286352426,15760.128635242581
540500.0,561123.2968027145,20623.296802714467
384205.0,349284.33801059425,-34920.66198940575
485000.0,434616.12632000446,-50383.87367999554
280000.0,208212.83157098293,-71787.16842901707
270000.0,104966.10691229999,-165033.8930877
636100.0,620001.7243958265,-16098.275604173541
425000.0,517219.4022050053,92219.40220500529
768000.0,1017870.4258586913,249870.42585869133
387500.0,416924.38143080473,29424.38143080473
413000.0,575119.6438008696,162119.64380086958
365000.0,462776.92747713625,97776.92747713625
292000.0,375061.6593885422,83061.65938854218
439000.0,565272.8567041755,126272.85670417547
500000.0,614594.2777785212,114594.27777852118
428900.0,577051.8005442321,148151.80054423213
130000.0,147139.55871658027,17139.55871658027
262500.0,197744.1537963897,-64755.8462036103
182700.0,175512.9454460442,-7187.054553955793
407000.0,434613.1311312765,27613.13113127649
225000.0,121076.86903779209,-103923.13096220791
345000.0,257157.88557729125,-87842.11442270875
352000.0,562991.7192030102,210991.7192030102
455000.0,552650.9182172567,97650.91821725667
402000.0,466024.22292278707,64024.22292278707
1000000.0,1050937.7522203028,50937.75222030282
585000.0,776404.3978628069,191404.39786280692
505000.0,407090.1249167472,-97909.87508325279
976000.0,1002310.9044478089,26310.90444780886
840000.0,972301.5319124311,132301.53191243112
255500.0,150706.40844117105,-104793.59155882895
720000.0,825025.097310707,105025.09731070697
1880000.0,1952931.440606162,72931.44060616195
610000.0,482658.26792535186,-127341.73207464814
502000.0,421361.9158587605,-80638.08414123952
435000.0,472079.9546736479,37079.95467364788
695000.0,765937.6171876192,70937.61718761921
119500.0,114973.98811340332,-4526.01188659668
370000.0,415904.8005040884,45904.8005040884
290000.0,381374.27541814744,91374.27541814744
291000.0,168150.5101890266,-122849.4898109734
485000.0,456659.5122721195,-28340.487727880478
540000.0,458032.697364524,-81967.302635476
300000.0,346843.2152376622,46843.215237662196
255000.0,114019.73367980123,-140980.26632019877
349000.0,488912.91392216086,139912.91392216086
898000.0,918954.5742742121,20954.574274212122
739900.0,758503.3399443477,18603.33994434774
570000.0,873312.6927312613,303312.69273126125
902000.0,817660.7933137268,-84339.20668627322
810000.0,942512.2083708644,132512.2083708644
440000.0,470605.0177717358,30605.017771735787
247500.0,432351.8569520414,184851.8569520414
175000.0,456435.6230735183,281435.6230735183
365000.0,521783.2531963885,156783.25319638848
259000.0,201318.27774493396,-57681.72225506604
256500.0,194154.4342804402,-62345.56571955979
760000.0,826506.81175372,66506.81175372005
370000.0,234693.6811159551,-135306.3188840449
245000.0,227384.45019499958,-17615.549805000424
274000.0,174600.71654757857,-99399.28345242143
661000.0,659731.9567949325,-1268.0432050675154
335000.0,373538.08677248657,38538.08677248657
345000.0,302296.2816591263,-42703.71834087372
450000.0,365506.53206151724,-84493.46793848276
763000.0,673582.0481531918,-89417.9518468082
341000.0,410669.04178237915,69669.04178237915
770000.0,875407.733390376,105407.73339037597
1225000.0,1075058.5413243622,-149941.45867563784
349900.0,406146.71692183614,56246.71692183614
270000.0,239004.90050503612,-30995.099494963884
245000.0,168795.65269741416,-76204.34730258584
1015000.0,706713.5117924511,-308286.48820754886
218000.0,69296.74971029162,-148703.25028970838
545000.0,507544.54679970443,-37455.45320029557
840000.0,784906.5185164958,-55093.481483504176
324500.0,258444.63979771733,-66055.36020228267
568000.0,364325.524868533,-203674.47513146698
979700.0,1041310.7403330803,61610.74033308029
439950.0,548312.4493610561,108362.44936105609
550000.0,564303.6651108712,14303.665110871196
515000.0,606191.3415719271,91191.34157192707
475000.0,506423.011639297,31423.01163929701
453000.0,529348.1133272201,76348.11332722008
480000.0,991478.6647199988,511478.66471999884
645000.0,568398.0552768707,-76601.94472312927
465950.0,382941.63268223405,-83008.36731776595
305000.0,340557.93494060636,35557.934940606356
298500.0,371032.09052844346,72532.09052844346
760000.0,1067086.42990084,307086.4299008399
234000.0,168185.57932421565,-65814.42067578435
895990.0,870298.9250963181,-25691.074903681874
410000.0,434495.6977658719,24495.697765871882
485000.0,421340.4983828962,-63659.501617103815
430000.0,348484.0950856805,-81515.90491431952
455000.0,459330.28312817216,4330.283128172159
479200.0,527047.2397600561,47847.23976005614
675000.0,622523.228858009,-52476.77114199102
840000.0,790190.4143912196,-49809.585608780384
336500.0,373192.7415883541,36692.74158835411
498000.0,522962.94341285527,24962.943412855268
710000.0,671423.2179981768,-38576.78200182319
750000.0,883887.7823375463,133887.78233754635
225000.0,356983.6241878718,131983.6241878718
324950.0,249327.6295184493,-75622.3704815507
492000.0,505837.47212830186,13837.472128301859
419000.0,507743.7070454061,88743.7070454061
742500.0,727522.7205387354,-14977.27946126461
291000.0,360330.66969558597,69330.66969558597
437500.0,379428.2071775347,-58071.7928224653
764000.0,682313.1238749623,-81686.87612503767
287000.0,289147.8098715544,2147.8098715543747
432500.0,400971.5934292376,-31528.406570762396
605000.0,587320.2360111177,-17679.763988882303
1200000.0,1595492.1250095367,395492.12500953674
1735000.0,1186583.2804733366,-548416.7195266634
2230000.0,1785584.9289739728,-444415.0710260272
243500.0,287978.7426279038,44478.74262790382
350000.0,308509.50660820305,-41490.49339179695
380000.0,384518.66496038437,4518.664960384369
405000.0,430144.7343958169,25144.734395816922
367950.0,666190.275755018,298240.275755018
383000.0,416256.9049220681,33256.90492206812
156000.0,54984.137739017606,-101015.8622609824
368000.0,338128.8823017925,-29871.117698207498
1150000.0,1163325.1314032078,13325.131403207779
890000.0,790780.8047191352,-99219.19528086483
560000.0,364218.3777818382,-195781.62221816182
625000.0,720957.499216944,95957.49921694398
655000.0,566952.9742579758,-88047.02574202418
540000.0,527743.6151755601,-12256.384824439883
196000.0,146149.0036844313,-49850.996315568686
965000.0,991049.3599674553,26049.359967455268
390000.0,31384.992457315326,-358615.0075426847
274000.0,312093.99722486734,38093.997224867344
210000.0,262938.7186471224,52938.71864712238
289950.0,253243.3468043208,-36706.65319567919
465000.0,377197.4123919159,-87802.58760808408
617000.0,525530.3965954334,-91469.60340456665
720000.0,712491.7781049907,-7508.221895009279
381000.0,358801.9437740147,-22198.05622598529
465000.0,480745.9057276845,15745.905727684498
1125000.0,929158.5645617396,-195841.43543826044
129000.0,184.8554861843586,-128815.14451381564
925000.0,901866.430165872,-23133.569834128022
263000.0,298578.12884525955,35578.12884525955
860000.0,1221195.0854038,361195.0854038
280000.0,207587.6347452253,-72412.36525477469
268000.0,161126.01609279215,-106873.98390720785
697000.0,698551.6037981659,1551.6037981659174
365000.0,629531.612591207,264531.612591207
565000.0,639483.3841306418,74483.38413064182
330000.0,249772.5928529352,-80227.4071470648
290000.0,202852.64666822553,-87147.35333177447
439000.0,363655.2885873765,-75344.71141262352
594000.0,529519.8652669042,-64480.134733095765
430000.0,400454.71497783065,-29545.28502216935
405000.0,392114.1281993538,-12885.871800646186
415000.0,333101.3558270037,-81898.64417299628
705000.0,635167.9977247268,-69832.0022752732
400000.0,415131.70891553164,15131.708915531635
345000.0,319286.74120877683,-25713.25879122317
600000.0,691079.0628546327,91079.06285463274
790000.0,865563.1054684818,75563.10546848178
1160000.0,1254103.2419856042,94103.24198560417
306000.0,376008.23448359966,70008.23448359966
374500.0,300216.62038451433,-74283.37961548567
430000.0,427889.4274662882,-2110.572533711791
676000.0,640087.9031716436,-35912.096828356385
245000.0,156269.84407413006,-88730.15592586994
605000.0,624602.3395421356,19602.339542135596
340000.0,813019.3216375858,473019.32163758576
899000.0,685507.4500785023,-213492.5499214977
225000.0,224069.97498324513,-930.0250167548656
299000.0,348068.2721246481,49068.272124648094
1865000.0,2118033.640585497,253033.64058549702
592500.0,567486.0511909425,-25013.948809057474
475000.0,483857.0646673739,8857.064667373896
450000.0,496018.97422140837,46018.97422140837
1710000.0,1321487.4008386582,-388512.5991613418
215000.0,260899.09750947356,45899.09750947356
289950.0,195229.31071917713,-94720.68928082287
733000.0,685337.8893460631,-47662.11065393686
599950.0,366673.77807842195,-233276.22192157805
834950.0,813504.6765180081,-21445.323481991887
540000.0,329403.5875146985,-210596.4124853015
645000.0,876489.2066001147,231489.2066001147
333000.0,457892.1438534409,124892.14385344088
465000.0,218605.66098877788,-246394.33901122212
585000.0,661053.8405624479,76053.8405624479
506000.0,416850.4702248275,-89149.52977517247
430000.0,484775.88029433787,54775.88029433787
223000.0,195576.77998541296,-27423.220014587045
340000.0,238193.1133954078,-101806.8866045922
740500.0,1144475.7165270895,403975.7165270895
359000.0,368665.2739533782,9665.2739533782
1168000.0,835905.9358447492,-332094.0641552508
249000.0,169158.2796548307,-79841.7203451693
320000.0,399559.4299221188,79559.42992211878
343500.0,371065.45010489225,27565.450104892254
475000.0,432319.95545619726,-42680.04454380274
625000.0,661170.2687085867,36170.26870858669
314200.0,343188.802431643,28988.80243164301
312000.0,288137.13776248693,-23862.862237513065
570000.0,592277.2492974102,22277.24929741025
371000.0,262485.58764769137,-108514.41235230863
5570000.0,3172602.570089221,-2397397.429910779
340000.0,384065.7463219613,44065.746321961284
150000.0,121363.35793821514,-28636.642061784863
388000.0,460786.42371726036,72786.42371726036
300000.0,223616.57713976502,-76383.42286023498
640000.0,581864.7553272545,-58135.244672745466
825000.0,776026.9697005302,-48973.03029946983
305950.0,324266.95981776714,18316.959817767143
509000.0,596234.1688847244,87234.16888472438
813000.0,676247.1374240667,-136752.86257593334
597400.0,525304.498623684,-72095.50137631595
606000.0,715554.787872538,109554.78787253797
525000.0,452408.3037443161,-72591.6962556839
435000.0,459288.66678746045,24288.666787460446
957500.0,1065707.4526129067,108207.4526129067
233500.0,178481.06095016003,-55018.93904983997
675000.0,652386.183061704,-22613.81693829596
670000.0,500776.7323384434,-169223.2676615566
700000.0,711261.8649953306,11261.864995330572
250000.0,247589.81506039202,-2410.184939607978
555000.0,813727.8056375831,258727.80563758314
280000.0,325940.1854252219,45940.18542522192
315000.0,274540.4487056434,-40459.551294356585
589950.0,555795.42688784,-34154.57311215997
635000.0,741876.1033884734,106876.10338847339
340000.0,327382.02720569074,-12617.972794309258
495000.0,648422.2559968233,153422.2559968233
249950.0,193738.4482741505,-56211.55172584951
1635000.0,1570770.5844335854,-64229.415566414595
692000.0,636260.180808425,-55739.81919157505
400000.0,284102.73835647106,-115897.26164352894
849000.0,877939.8289884031,28939.828988403082
540000.0,516064.74369461834,-23935.256305381656
380000.0,369573.9011966437,-10426.09880335629
2537000.0,1412557.1009254754,-1124442.8990745246
775000.0,792965.7691089064,17965.76910890639
595000.0,532592.7195907384,-62407.280409261584
650000.0,607814.8933155686,-42185.106684431434
509900.0,450242.19206793606,-59657.80793206394
403000.0,442042.9055709392,39042.90557093918
477000.0,429225.67410849035,-47774.32589150965
671500.0,570441.3068383038,-101058.6931616962
473000.0,884496.7217570692,411496.72175706923
354000.0,390544.18372681737,36544.18372681737
322000.0,352519.70328079164,30519.70328079164
459000.0,469859.38099339604,10859.380993396044
1058800.0,944828.0897776335,-113971.91022236645
585000.0,361480.60806429386,-223519.39193570614
336000.0,457525.4675220698,121525.46752206981
590000.0,579875.8774560392,-10124.12254396081
925000.0,851162.6344059408,-73837.36559405923
480000.0,464856.45435605943,-15143.545643940568
357000.0,524080.52112938464,167080.52112938464
370000.0,349639.07310193777,-20360.92689806223
770000.0,382197.8923827708,-387802.1076172292
255000.0,172726.87048223615,-82273.12951776385
799900.0,1136895.9747599065,336995.97475990653
515805.0,474530.66963244975,-41274.330367550254
600000.0,674018.3214884549,74018.32148845494
370000.0,298834.2429486513,-71165.75705134869
750000.0,720127.5079207271,-29872.492079272866
510000.0,510098.83263133466,98.83263133466244
299000.0,315572.1743019968,16572.174301996827
176000.0,103754.760897398,-72245.239102602
790000.0,853173.3924510926,63173.3924510926
299500.0,261274.90207375586,-38225.09792624414
345000.0,301281.2901690453,-43718.70983095467
235000.0,334101.09108652174,99101.09108652174
585000.0,566410.2900537848,-18589.709946215153
275000.0,255403.42603118718,-19596.573968812823
688500.0,804792.4908653796,116292.49086537957
449950.0,492433.05255901814,42483.052559018135
440000.0,484329.4706698954,44329.47066989541
1200000.0,988164.6710374355,-211835.32896256447
472000.0,820264.6599514037,348264.65995140374
196500.0,137746.7742831111,-58753.225716888905
951000.0,987600.8291205317,36600.82912053168
1000000.0,1109548.9029558897,109548.9029558897
275250.0,202460.10393616557,-72789.89606383443
330000.0,288584.2872592956,-41415.71274070442
885000.0,824370.1395944059,-60629.86040559411
470000.0,468760.0407606065,-1239.9592393934727
250000.0,207717.7419398725,-42282.2580601275
500000.0,474476.6007824242,-25523.39921757579
857000.0,1077307.6721822768,220307.67218227684
639950.0,595111.7142668366,-44838.28573316336
450000.0,363170.6859808564,-86829.31401914358
663000.0,545020.96784316,-117979.03215683997
450000.0,413358.0940517932,-36641.90594820678
445500.0,452358.16813871264,6858.168138712645
842500.0,791412.4297219366,-51087.57027806342
292050.0,384908.8068560362,92858.80685603619
1268890.0,1295726.659048602,26836.659048601985
425000.0,546239.1024854332,121239.10248543322
263500.0,288705.2712317556,25205.271231755614
930000.0,1028320.3570097089,98320.35700970888
258000.0,193497.1727885008,-64502.827211499214
150000.0,-102225.63994890451,-252225.6399489045
412000.0,421962.544168666,9962.544168666005
338000.0,402001.1677367538,64001.16773675382
810000.0,790152.7599967271,-19847.24000327289
222900.0,148028.95485921204,-74871.04514078796
436300.0,540970.0362496972,104670.03624969721
135000.0,69366.47501885891,-65633.52498114109
275000.0,178052.68045720458,-96947.31954279542
1150000.0,1159613.0451959819,9613.04519598186
1320000.0,1849028.2889776528,529028.2889776528
390000.0,606550.2191123962,216550.21911239624
423000.0,421062.78726908565,-1937.2127309143543
241500.0,135534.9689077735,-105965.0310922265
950000.0,1025906.7781138271,75906.77811382711
262500.0,199396.08348575234,-63103.916514247656
820000.0,1019137.6316276938,199137.63162769377
500000.0,566144.2242313921,66144.22423139215
330000.0,225074.28100524843,-104925.71899475157
510000.0,322279.6943845153,-187720.3056154847
1679000.0,1437183.9964525998,-241816.00354740024
276000.0,257358.66096754372,-18641.33903245628
525000.0,581661.2268067002,56661.22680670023
265000.0,257476.26368662715,-7523.73631337285
415000.0,423880.8867109865,8880.886710986495
275000.0,296918.2080730051,21918.20807300508
425000.0,330929.99084092677,-94070.00915907323
500000.0,444637.1913256645,-55362.80867433548
520000.0,465905.7141395211,-54094.28586047888
406000.0,363208.6708717644,-42791.32912823558
220000.0,192102.70692302287,-27897.293076977134
355000.0,358515.9717043638,3515.971704363823
249000.0,251514.562142089,2514.5621420890093
310000.0,493162.17922732234,183162.17922732234
257500.0,282270.5090471804,24770.509047180414
930000.0,974442.5157485008,44442.515748500824
495000.0,543634.6855615526,48634.685561552644
707000.0,771746.7325208038,64746.73252080381
601150.0,676029.7560965568,74879.75609655678
815000.0,1022035.5342778862,207035.53427788615
315000.0,194134.30530810356,-120865.69469189644
649990.0,571034.9390506893,-78955.06094931066
294950.0,278878.33073432744,-16071.669265672565
299880.0,262233.5156997591,-37646.484300240874
411000.0,385580.361962989,-25419.638037011027
1250000.0,1045593.8520422876,-204406.1479577124
690000.0,547938.1097106338,-142061.89028936625
600000.0,719733.9689492732,119733.96894927323
1245000.0,1344332.8717636466,99332.8717636466
649000.0,1311430.3120845258,662430.3120845258
446000.0,476138.77259914577,30138.77259914577
249900.0,267675.95031772554,17775.95031772554
334500.0,274545.8701402992,-59954.1298597008
327000.0,255205.62981580198,-71794.37018419802
615000.0,681975.9700451344,66975.97004513443
1150000.0,1213648.0384381711,63648.03843817115
195000.0,102223.03459064662,-92776.96540935338
480000.0,514864.47179584205,34864.47179584205
492000.0,592136.8180113435,100136.81801134348
432500.0,437514.3913664669,5014.39136646688
685000.0,772679.9494686872,87679.94946868718
765000.0,754017.6569414437,-10982.343058556318
310000.0,362507.1739894897,52507.173989489675
520500.0,471344.96746462584,-49155.032535374165
370000.0,301674.12208998203,-68325.87791001797
300000.0,272523.7464232147,-27476.253576785326
500000.0,722173.4577023387,222173.4577023387
450000.0,348699.3465154171,-101300.6534845829
385000.0,421613.01168471575,36613.01168471575
395000.0,577935.5127660185,182935.5127660185
329950.0,297976.6339959055,-31973.36600409448
802945.0,926508.4145426899,123563.41454268992
375000.0,314691.5229114741,-60308.47708852589
363500.0,472548.7348520011,109048.73485200107
300000.0,295080.6972871721,-4919.302712827921
975000.0,908580.4205894321,-66419.57941056788
500000.0,599266.5205020905,99266.52050209045
463500.0,316902.80233231187,-146597.19766768813
390000.0,405850.33464089036,15850.33464089036
314950.0,244966.41040924191,-69983.58959075809
664000.0,686539.7918570638,22539.79185706377
213950.0,55768.45311306417,-158181.54688693583
209950.0,165575.59758484364,-44374.402415156364
294000.0,300224.3202910423,6224.320291042328
587000.0,719958.2626190484,132958.26261904836
630000.0,724364.3615383357,94364.36153833568
338000.0,373231.27269491553,35231.27269491553
295000.0,409461.9961697608,114461.99616976082
255000.0,327391.14130325615,72391.14130325615
530000.0,720049.0662264675,190049.0662264675
260000.0,422719.3356593847,162719.33565938473
285000.0,729540.5201677531,444540.5201677531
480000.0,470510.27222430706,-9489.72777569294
245000.0,152995.62700752914,-92004.37299247086
1335000.0,1372719.201366976,37719.2013669759
640000.0,784940.2712982148,144940.2712982148
345000.0,223659.44846992195,-121340.55153007805
252500.0,160192.57571181655,-92307.42428818345
1210000.0,933196.5864501297,-276803.41354987025
399000.0,289993.93650120497,-109006.06349879503
315000.0,309438.62510858476,-5561.374891415238
675000.0,856455.4801584929,181455.48015849292
265000.0,-267223.74413876235,-532223.7441387624
381500.0,407217.94193540514,25717.941935405135
330000.0,511896.0341261625,181896.03412616253
323000.0,348282.5411596596,25282.541159659624
215150.0,41664.06481420994,-173485.93518579006
605000.0,680337.5191760808,75337.51917608082
290000.0,212421.60828258097,-77578.39171741903
285000.0,330085.31248022616,45085.31248022616
600000.0,732323.0124886632,132323.0124886632
600000.0,625024.5741532296,25024.574153229594
625000.0,783340.0012656301,158340.00126563013
825000.0,924050.5494844317,99050.54948443174
458500.0,525584.4694028199,67084.46940281987
500000.0,391727.9015507251,-108272.0984492749
475000.0,574035.4428253919,99035.44282539189
1035480.0,1050519.2922694534,15039.292269453406
339950.0,281824.64924927056,-58125.35075072944
540000.0,587853.803713873,47853.80371387303
198000.0,109981.59709775448,-88018.40290224552
600000.0,492131.4500784576,-107868.5499215424
450000.0,431132.8701092452,-18867.12989075482
436000.0,398900.26474644244,-37099.73525355756
335000.0,392949.45362718403,57949.45362718403
550000.0,579382.9474833161,29382.947483316064
1245000.0,1173536.589051783,-71463.41094821692
529000.0,479194.0162983537,-49805.98370164633
294000.0,242112.2498715073,-51887.75012849271
324950.0,240456.9915509373,-84493.0084490627
675000.0,788938.0699148327,113938.06991483271
215000.0,329505.2724185288,114505.2724185288
600000.0,704235.638207823,104235.63820782304
440000.0,376074.49632383883,-63925.50367616117
685000.0,919119.0134959966,234119.0134959966
432000.0,519602.371299088,87602.371299088
274800.0,321372.27849663794,46572.27849663794
418000.0,321463.30131448805,-96536.69868551195
315000.0,346087.4724960923,31087.47249609232
775000.0,940222.3047061563,165222.30470615625
279900.0,210160.303760916,-69739.696239084
260000.0,182577.76571400464,-77422.23428599536
237000.0,204523.80311910808,-32476.19688089192
277500.0,226324.55863763392,-51175.44136236608
680000.0,631506.1650119722,-48493.83498802781
465000.0,528233.1775394231,63233.17753942311
410000.0,315962.05066125095,-94037.94933874905
453000.0,488048.06420458853,35048.06420458853
415000.0,427308.7045857161,12308.704585716128
525000.0,429394.8185889274,-95605.18141107261
759000.0,773053.8401955366,14053.840195536613
387000.0,290315.02080632746,-96684.97919367254
229999.0,172264.11621655524,-57734.88378344476
545000.0,526834.4849469215,-18165.515053078532
662500.0,703128.6700842083,40628.67008420825
435000.0,381908.5383719504,-53091.46162804961
925000.0,730972.4323591739,-194027.5676408261
825000.0,935817.3701425046,110817.37014250457
450000.0,545343.8511079103,95343.85110791028
240000.0,170412.54289154708,-69587.45710845292
572500.0,583114.4534182101,10614.453418210149
534000.0,700996.1728174984,166996.17281749845
860000.0,1005092.1997181624,145092.19971816242
865000.0,1040185.3533674926,175185.35336749256
400000.0,456376.1439894736,56376.14398947358
358000.0,355443.9508962929,-2556.049103707075
344000.0,288888.46644850075,-55111.53355149925
305000.0,242914.2404321134,-62085.75956788659
810000.0,916912.401523158,106912.40152315795
720000.0,648221.9908529967,-71778.0091470033
429900.0,473917.01324413717,44017.01324413717
599000.0,790080.4471979588,191080.44719795883
435000.0,398068.52424767613,-36931.475752323866
580000.0,651898.6886245608,71898.68862456083
450800.0,538390.9677618146,87590.9677618146
305000.0,191460.90108513832,-113539.09891486168
473975.0,564614.0380776972,90639.03807769716
800000.0,1675057.4224033058,875057.4224033058
601002.0,542734.4605050534,-58267.5394949466
485000.0,519666.9363838136,34666.93638381362
210000.0,181065.05391928554,-28934.946080714464
266000.0,249673.87438733876,-16326.125612661242
430000.0,528900.6118790656,98900.61187906563
375900.0,325721.09614379704,-50178.90385620296
299950.0,259300.61954927444,-40649.380450725555
269900.0,258760.43275742233,-11139.567242577672
588000.0,563470.772121191,-24529.227878808975
654000.0,629489.3837388158,-24510.616261184216
428750.0,513489.8140903264,84739.81409032643
800000.0,823654.1961505413,23654.196150541306
710000.0,778972.9419756979,68972.94197569788
312500.0,256984.08415485919,-55515.915845140815
1085000.0,1241694.474304378,156694.47430437803
725000.0,775094.8902602345,50094.890260234475
390500.0,335146.6739230305,-55353.326076969504
852500.0,795047.7937272191,-57452.206272780895
299999.0,226431.26290503144,-73567.73709496856
381500.0,445966.42438445985,64466.42438445985
585000.0,588223.9146703631,3223.9146703630686
311000.0,346096.09008967876,35096.090089678764
349000.0,355207.37251861393,6207.3725186139345
495000.0,650072.0371081233,155072.0371081233
224950.0,323943.6463365555,98993.64633655548
720000.0,884157.4733671397,164157.4733671397
620000.0,467236.5421689749,-152763.45783102512
465000.0,382201.95078495145,-82798.04921504855
1087500.0,1019532.8107025772,-67967.18929742277
332500.0,468541.84593981504,136041.84593981504
250000.0,190463.31337952614,-59536.68662047386
725995.0,790245.191121608,64250.19112160802
1475000.0,1432573.6303693056,-42426.36963069439
284850.0,223751.5258153975,-61098.4741846025
1139990.0,996446.3099548072,-143543.69004519284
509000.0,545425.0369756967,36425.03697569668
675000.0,721961.0377895981,46961.03778959811
697000.0,555251.2483400553,-141748.75165994465
216000.0,192740.46872392297,-23259.531276077032
500000.0,492481.9315228015,-7518.068477198482
520000.0,618055.6917188317,98055.69171883166
346000.0,347134.055719018,1134.0557190179825
884900.0,1552351.4027557224,667451.4027557224
229000.0,72821.9626147747,-156178.0373852253
358000.0,374424.70570485294,16424.70570485294
467000.0,476335.91616894305,9335.916168943048
418000.0,374542.75147391856,-43457.24852608144
280000.0,365882.725158304,85882.72515830398
248500.0,147855.2403243184,-100644.75967568159
275000.0,231008.9072431028,-43991.09275689721
219950.0,128370.57245787978,-91579.42754212022
571000.0,667988.6089106947,96988.60891069472
280000.0,235927.85447522998,-44072.14552477002
410000.0,377024.96295812726,-32975.03704187274
718000.0,607038.5391947478,-110961.4608052522
449500.0,417391.02110409737,-32108.978895902634
700000.0,861652.5914628655,161652.59146286547
335000.0,307537.21352277696,-27462.78647722304
300000.0,199874.10957676172,-100125.89042323828
525000.0,534110.0804274082,9110.080427408218
540000.0,587302.6239230633,47302.62392306328
625000.0,666661.1984148473,41661.198414847255
525000.0,587906.1778944284,62906.17789442837
288000.0,251281.14007030427,-36718.859929695725
480000.0,638497.4482319653,158497.4482319653
689000.0,830375.766068846,141375.766068846
309000.0,285456.43359315395,-23543.566406846046
250000.0,228537.16009673476,-21462.839903265238
353500.0,200180.14212839305,-153319.85787160695
110000.0,21867.692546114326,-88132.30745388567
740000.0,738299.279543072,-1700.7204569280148
290000.0,244796.62252047658,-45203.37747952342
403000.0,460601.14789636433,57601.14789636433
245000.0,382080.7270602733,137080.7270602733
470000.0,433566.35637561977,-36433.64362438023
815000.0,678520.7022040933,-136479.29779590666
745000.0,953369.452684179,208369.45268417895
366000.0,404756.68925236166,38756.689252361655
399000.0,544342.5596721321,145342.55967213213
645000.0,620308.2504487187,-24691.749551281333
460000.0,453776.4104862511,-6223.589513748884
475000.0,470823.07580415905,-4176.924195840955
550000.0,596833.8483712822,46833.84837128222
215000.0,127247.80440412462,-87752.19559587538
389900.0,327004.4916100353,-62895.5083899647
362000.0,417875.8109484464,55875.81094844639
287000.0,309511.55874064565,22511.558740645647
635000.0,675637.3379320353,40637.33793203533
751750.0,1013851.948314473,262101.94831447303
312000.0,261414.83888421953,-50585.16111578047
380000.0,170971.99081537127,-209028.00918462873
700000.0,410108.9042828381,-289891.0957171619
813000.0,1011004.8116814494,198004.8116814494
280500.0,254105.559440732,-26394.440559267998
415000.0,548837.1493152976,133837.1493152976
550000.0,692726.8250787407,142726.82507874072
345000.0,374192.42535457015,29192.42535457015
169950.0,-27775.813627392054,-197725.81362739205
608000.0,434369.74172635376,-173630.25827364624
1562000.0,1529544.4932242483,-32455.50677575171
625000.0,760000.5950452536,135000.59504525363
259950.0,251751.90848232806,-8198.091517671943
350000.0,305784.0837857425,-44215.91621425748
495000.0,651574.0648101419,156574.06481014192
1100000.0,951197.7618370801,-148802.23816291988
625000.0,565528.4289373606,-59471.571062639356
245000.0,162913.8185774237,-82086.18142257631
382888.0,403227.7579291165,20339.757929116488
284000.0,288529.67989747226,4529.679897472262
1490000.0,1326654.5816895068,-163345.41831049323
485000.0,385498.0242884755,-99501.97571152449
465000.0,542532.3547267318,77532.35472673178
495000.0,294509.6089478433,-200490.3910521567
2260000.0,1525819.2544362396,-734180.7455637604
350000.0,411662.7084579468,61662.70845794678
580000.0,495163.6096434146,-84836.39035658538
831000.0,805538.989178583,-25461.010821416974
781000.0,793961.252162084,12961.252162083983
375000.0,320762.0260922313,-54237.973907768726
1127000.0,984747.2419300228,-142252.75806997716
305000.0,331165.70269829035,26165.702698290348
402000.0,371800.9551510364,-30199.04484896362
535500.0,415614.2422106117,-119885.7577893883
375000.0,310106.0991562456,-64893.90084375441
470000.0,510765.0200161338,40765.020016133785
339000.0,630082.9356215149,291082.9356215149
335000.0,298175.83724449575,-36824.16275550425
780000.0,741761.2747532427,-38238.72524675727
263000.0,249317.95798546076,-13682.042014539242
310000.0,236934.06545560062,-73065.93454439938
289659.0,317283.37855394185,27624.378553941846
286308.0,199073.7582924515,-87234.2417075485
320000.0,400535.9669396728,80535.96693967283
425000.0,410100.7764095962,-14899.223590403795
1395000.0,1257929.3348491788,-137070.6651508212
385000.0,523996.884424448,138996.884424448
180000.0,241705.04313744605,61705.043137446046
574000.0,478739.0807862878,-95260.91921371222
510000.0,456648.6316164583,-53351.3683835417
210000.0,185015.26176404953,-24984.73823595047
637000.0,623038.7552874386,-13961.244712561369
855000.0,898837.3274291307,43837.32742913067
375000.0,294976.43164621294,-80023.56835378706
379950.0,361841.8833385557,-18108.116661444306
623000.0,602647.8848519027,-20352.115148097277
374950.0,328499.4056879431,-46450.5943120569
725000.0,625500.4644922465,-99499.53550775349
190000.0,101528.71470153332,-88471.28529846668
1825000.0,2011508.5463286787,186508.54632867873
337000.0,310907.25892055035,-26092.741079449654
850000.0,916002.2623802274,66002.26238022745
325000.0,300108.7975355536,-24891.202464446425
475000.0,625608.6329279691,150608.6329279691
242000.0,291382.60645638406,49382.60645638406
595000.0,561785.6992254257,-33214.30077457428
450000.0,608119.7461705357,158119.74617053568
190000.0,145889.5897451192,-44110.410254880786
700000.0,756261.1728208363,56261.172820836306
686500.0,793334.5282759666,106834.52827596664
279900.0,315569.56032927334,35669.56032927334
598950.0,515543.83071927726,-83406.16928072274
210000.0,180338.88685008883,-29661.113149911165
1065000.0,840282.3351438344,-224717.66485616565
1255000.0,1316003.2827491015,61003.28274910152
782900.0,747631.2719773203,-35268.72802267969
200000.0,181800.64315988123,-18199.356840118766
574000.0,489189.89098609984,-84810.10901390016
405000.0,268277.4777838886,-136722.52221611142
460000.0,461685.34599646926,1685.3459964692593
875000.0,843675.5230543464,-31324.476945653558
317000.0,389305.2561329156,72305.25613291562
682000.0,803572.5221366286,121572.52213662863
360000.0,362520.2742470801,2520.2742470800877
745000.0,762928.548455298,17928.548455297947
540000.0,696091.5065951496,156091.50659514964
260000.0,270879.4755705893,10879.475570589304
256950.0,293759.0388650745,36809.038865074515
236000.0,182133.60501866043,-53866.394981339574
299000.0,322659.9855503589,23659.98555035889
508500.0,577302.3644303381,68802.36443033814
412000.0,503230.583205387,91230.583205387
660000.0,944934.9038127959,284934.9038127959
806000.0,850033.8209186494,44033.820918649435
925000.0,881459.393006891,-43540.60699310899
460000.0,615821.8219655901,155821.82196559012
626000.0,433266.22133381665,-192733.77866618335
142500.0,154100.1983858049,11600.198385804892
295000.0,411079.88927565515,116079.88927565515
650000.0,684866.2509924024,34866.250992402434
585000.0,836038.9215361476,251038.9215361476
979000.0,824345.9077532738,-154654.09224672616
1400000.0,1262885.7666796446,-137114.23332035542
445000.0,416308.4285930097,-28691.57140699029
430000.0,578013.3291406482,148013.32914064825
637250.0,586577.5021660775,-50672.497833922505
304000.0,315609.5940671414,11609.594067141414
556000.0,634374.0388194323,78374.03881943226
306500.0,230295.88031698763,-76204.11968301237
637000.0,973593.6600820422,336593.6600820422
550000.0,726363.6039421856,176363.60394218564
725000.0,697609.0224638879,-27390.97753611207
402500.0,581857.1354859471,179357.13548594713
540000.0,631281.8557697088,91281.85576970875
148900.0,238917.8645877242,90017.86458772421
595000.0,614356.4026307166,19356.402630716562
350000.0,437813.7620794773,87813.76207947731
753000.0,783859.1150659323,30859.115065932274
278000.0,209550.60559090972,-68449.39440909028
650000.0,805118.3542981744,155118.35429817438
1100000.0,735675.575783208,-364324.424216792
712000.0,784025.2448610812,72025.24486108124
199990.0,30044.681098341942,-169945.31890165806
590000.0,610074.5261159241,20074.52611592412
425000.0,388448.5733951479,-36551.42660485208
165000.0,182996.00525344908,17996.005253449082
379950.0,324259.77912171185,-55690.22087828815
550000.0,514228.5112467408,-35771.48875325918
342000.0,250346.15425015986,-91653.84574984014
446000.0,440847.7854409069,-5152.214559093118
500000.0,496420.8812877089,-3579.1187122911215
2395000.0,1161722.797087431,-1233277.202912569
216000.0,101357.57934048772,-114642.42065951228
431200.0,293358.3292824924,-137841.6707175076
384000.0,268067.8030204177,-115932.19697958231
400000.0,568033.3616354316,168033.36163543165
330000.0,249971.63208083808,-80028.36791916192
450000.0,414767.29095353186,-35232.70904646814
3100000.0,1976840.4270581603,-1123159.5729418397
350000.0,405605.81764250994,55605.81764250994
527900.0,647054.1802479327,119154.18024793267
295450.0,472795.22444948554,177345.22444948554
540000.0,552833.2123958766,12833.212395876646
260000.0,203515.86020557582,-56484.139794424176
370350.0,483076.5584514737,112726.55845147371
885000.0,793868.4567572027,-91131.54324279726
675000.0,681709.1245687306,6709.124568730593
315000.0,309504.7412305027,-5495.258769497275
394000.0,429308.5475241244,35308.547524124384
287000.0,384694.3416349143,97694.34163491428
645000.0,667340.105319798,22340.105319797993
267000.0,391403.9299476296,124403.92994762957
545000.0,573233.7611596584,28233.761159658432
295000.0,282231.6919874847,-12768.308012515306
525000.0,556386.019812569,31386.019812569022
277950.0,238852.6027083993,-39097.397291600704
460000.0,401607.50364255905,-58392.49635744095
535000.0,468338.34144078195,-66661.65855921805
1005000.0,956969.8519642651,-48030.14803573489
730000.0,759130.291691035,29130.291691035032
445000.0,490767.99067007005,45767.99067007005
216000.0,231374.0203780532,15374.020378053188
619950.0,499780.800398767,-120169.199601233
469500.0,441922.9573010951,-27577.042698904872
508000.0,649507.0576428026,141507.0576428026
1135000.0,959992.6194293499,-175007.3805706501
722800.0,1102044.363108158,379244.3631081581
315000.0,316638.09062331915,1638.090623319149
420000.0,607271.6943240613,187271.69432406127
760000.0,552645.9126478881,-207354.08735211194
760000.0,738671.5464598984,-21328.453540101647
225000.0,208352.68717427552,-16647.312825724483
200000.0,243373.05595871806,43373.05595871806
443500.0,380256.25084999204,-63243.74915000796
260000.0,220156.36448408663,-39843.63551591337
740000.0,853606.7577213943,113606.7577213943
329950.0,292837.78790034354,-37112.21209965646
465000.0,393124.87227998674,-71875.12772001326
285000.0,244518.5179783851,-40481.48202161491
735000.0,682437.6625929326,-52562.33740706742
555000.0,784366.0959009379,229366.09590093791
466000.0,423804.8018538058,-42195.19814619422
369000.0,460128.99509854615,91128.99509854615
411605.0,427581.37526088953,15976.37526088953
330000.0,329190.44711492956,-809.5528850704432
320000.0,349100.219461903,29100.219461902976
339950.0,404416.88664135337,64466.88664135337
525000.0,530923.3262785971,5923.3262785971165
599000.0,594264.245034799,-4735.75496520102
265000.0,204286.7582616657,-60713.2417383343
425000.0,443730.57369178534,18730.573691785336
1575000.0,1577861.71716097,2861.7171609699726
299000.0,318905.56601184607,19905.566011846066
1900000.0,998998.4528767914,-901001.5471232086
600000.0,549580.7178388983,-50419.2821611017
756450.0,769139.4261936843,12689.42619368434
405000.0,439556.2941945195,34556.29419451952
1088000.0,1326773.7723617703,238773.77236177027
362500.0,452710.04418478906,90210.04418478906
870000.0,799481.9770251662,-70518.02297483385
445000.0,609071.1234048605,164071.1234048605
728000.0,738171.9077943712,10171.907794371247
950000.0,996073.0859155059,46073.085915505886
305000.0,358733.9533646405,53733.953364640474
260000.0,177942.58670459688,-82057.41329540312
387000.0,393067.95171524584,6067.951715245843
740000.0,499964.62016543746,-240035.37983456254
775000.0,733858.8286566883,-41141.17134331167
560000.0,511298.2117987871,-48701.78820121288
505000.0,443924.30465979874,-61075.69534020126
565000.0,483785.3259842247,-81214.67401577532
130000.0,101180.6806294769,-28819.319370523095
743000.0,856166.6737886071,113166.67378860712
485000.0,631516.0158975571,146516.01589755714
1965220.0,1662488.1545007676,-302731.8454992324
800000.0,918077.7189506441,118077.71895064414
935000.0,492914.20886322856,-442085.79113677144
375000.0,439286.8323736787,64286.832373678684
625000.0,499866.1598511189,-125133.84014888108
463000.0,426372.29161298275,-36627.70838701725
426000.0,401274.1588628292,-24725.84113717079
770000.0,729019.2131151855,-40980.7868848145
200000.0,227923.066543445,27923.06654344499
227450.0,64098.79521794617,-163351.20478205383
170000.0,175922.0714470446,5922.071447044611
1300000.0,1240907.9319628328,-59092.06803716719
329500.0,247244.3063019663,-82255.69369803369
150000.0,188041.08405838907,38041.08405838907
301000.0,435287.5029076934,134287.5029076934
1335000.0,1470375.5781586468,135375.57815864682
502000.0,542250.1501041949,40250.15010419488
348000.0,497981.3240208775,149981.32402087748
1365000.0,1435823.5877677947,70823.58776779473
387500.0,450921.7132701278,63421.71327012777
255000.0,195916.70046889782,-59083.29953110218
256000.0,42700.86571741104,-213299.13428258896
1610000.0,1706153.0489583313,96153.04895833135
338950.0,234411.52498342097,-104538.47501657903
340000.0,362107.83355258405,22107.833552584052
335000.0,265105.0575732589,-69894.94242674112
665000.0,621205.3474954367,-43794.65250456333
649950.0,725803.1165777296,75853.11657772958
525000.0,711560.7882934809,186560.78829348087
441500.0,654328.6312542111,212828.63125421107
325000.0,528221.557488814,203221.557488814
370000.0,283427.00040376186,-86572.99959623814
950000.0,1081667.7847208679,131667.78472086787
225000.0,138906.56708019972,-86093.43291980028
299000.0,346006.2055235207,47006.20552352071
274900.0,138133.71155951917,-136766.28844048083
437000.0,302736.34558703005,-134263.65441296995
435000.0,519354.3318386227,84354.33183862269
415000.0,497116.8825606555,82116.88256065547
400000.0,353206.45346334577,-46793.546536654234
250000.0,227307.83425974846,-22692.16574025154
700000.0,654124.0589161068,-45875.94108389318
467500.0,506475.90727210045,38975.90727210045
290000.0,415697.1684718728,125697.1684718728
245000.0,192529.842401132,-52470.15759886801
365000.0,357543.8968013674,-7456.103198632598
372000.0,505925.2080580592,133925.20805805922
420000.0,607132.0684468299,187132.06844682992
250000.0,234227.13947962224,-15772.860520377755
725000.0,862987.7638478279,137987.7638478279
264500.0,148583.42378884554,-115916.57621115446
585083.0,597493.9843838364,12410.984383836389
257000.0,208140.60021175444,-48859.39978824556
419625.0,580651.4258214682,161026.42582146823
551000.0,451852.4106179029,-99147.58938209713
1444000.0,1304413.180244401,-139586.8197555989
269900.0,206195.22298961878,-63704.77701038122
470000.0,515544.11475527287,45544.114755272865
325000.0,387638.1676454097,62638.1676454097
637000.0,666721.5335378349,29721.533537834883
575000.0,526091.3060183823,-48908.69398161769
299000.0,316447.7412239015,17447.74122390151
455000.0,470629.54228928685,15629.542289286852
1395710.0,1446081.574817866,50371.57481786609
290000.0,383033.12814097106,93033.12814097106
975000.0,852635.6992370337,-122364.30076296628
212000.0,120805.42737361789,-91194.57262638211
438500.0,613458.0228921324,174958.0228921324
981000.0,808225.5491852313,-172774.45081476867
650000.0,595805.1524130702,-54194.8475869298
569000.0,726944.3836966604,157944.3836966604
680000.0,734630.9841016531,54630.9841016531
620000.0,652314.4157001078,32314.415700107813
300000.0,430198.7286347747,130198.72863477468
329000.0,337758.49188144505,8758.49188144505
628000.0,626247.3607483953,-1752.6392516046762
300000.0,333523.55632817745,33523.55632817745
455000.0,585020.1610113531,130020.16101135314
345000.0,217269.00079584122,-127730.99920415878
812500.0,812706.3194482177,206.3194482177496
870000.0,820469.0521441847,-49530.94785581529
405000.0,547894.7204938829,142894.7204938829
192950.0,1773.8264977633953,-191176.1735022366
212000.0,31651.55904854834,-180348.44095145166
950000.0,1186320.334301278,236320.334301278
296000.0,195757.95815595984,-100242.04184404016
279900.0,247910.6082457304,-31989.3917542696
325000.0,258656.17374415696,-66343.82625584304
405000.0,382491.9928587228,-22508.007141277194
730000.0,647458.2395884544,-82541.76041154563
669950.0,659701.1284778565,-10248.871522143483
408000.0,412009.72543144226,4009.7254314422607
304500.0,223698.4763121605,-80801.52368783951
1306000.0,1240079.155607462,-65920.84439253807
445000.0,426574.56731396914,-18425.432686030865
374000.0,363674.6194140017,-10325.380585998297
575000.0,991517.0144389868,416517.0144389868
1515000.0,1297245.2020462155,-217754.79795378447
1020000.0,1147708.92216447,127708.92216446996
195000.0,152179.52337667346,-42820.47662332654
570000.0,519793.8815277815,-50206.11847221851
455000.0,326664.983637467,-128335.01636253297
452000.0,596449.7863037884,144449.78630378842
440000.0,457645.619502455,17645.619502454996
995000.0,964773.9974549115,-30226.00254508853
765000.0,974216.2969151288,209216.29691512883
567500.0,677123.6255486459,109623.62554864585
490000.0,543863.7387020886,53863.738702088594
620000.0,604535.5596037507,-15464.440396249294
349500.0,341443.33133642375,-8056.668663576245
630000.0,551396.8002720475,-78603.19972795248
406500.0,392783.3549577445,-13716.64504225552
429000.0,494460.92007508874,65460.92007508874
299800.0,296884.96096901596,-2915.039030984044
407000.0,409207.4864320308,2207.486432030797
460000.0,484952.2048444301,24952.20484443009
415000.0,495821.5461925417,80821.54619254172
450000.0,421334.8203186095,-28665.179681390524
604000.0,526932.268943131,-77067.73105686903
375000.0,341779.43600431085,-33220.563995689154
380000.0,278944.7160899192,-101055.28391008079
499000.0,525829.8971156329,26829.89711563289
449000.0,566746.5736149698,117746.57361496985
475000.0,500782.33908186853,25782.33908186853
500000.0,438061.04958204925,-61938.95041795075
319950.0,371775.46864522994,51825.468645229936
1928000.0,1775598.788487181,-152401.21151281893
667500.0,1228660.6928589046,561160.6928589046
645000.0,723810.2099536061,78810.20995360613
300000.0,309245.2237686068,9245.223768606782
655275.0,563162.291772157,-92112.70822784305
1225000.0,1196125.6771952212,-28874.322804778814
601450.0,622462.871341899,21012.871341899037
647000.0,629396.6947312057,-17603.305268794298
425000.0,512265.78806476295,87265.78806476295
590000.0,577164.5980134755,-12835.401986524463
293000.0,455585.2835921794,162585.28359217942
280000.0,340203.8242790252,60203.8242790252
676000.0,623016.1937936544,-52983.80620634556
252000.0,151903.28436902165,-100096.71563097835
242000.0,208858.7168109864,-33141.2831890136
300000.0,362825.79923529923,62825.79923529923
209950.0,200778.0805694908,-9171.91943050921
1200000.0,1046444.6295215935,-153555.37047840655
861990.0,855084.5727749318,-6905.427225068212
835000.0,797811.124586612,-37188.875413388014
499950.0,530339.8181847632,30389.818184763193
538000.0,711344.8371058702,173344.83710587025
2920000.0,1784168.2596779913,-1135831.7403220087
429950.0,320413.8513148278,-109536.1486851722
615000.0,564057.1930300593,-50942.80696994066
530000.0,623861.7978296131,93861.79782961309
544800.0,633197.3211477548,88397.32114775479
657500.0,436486.84627874196,-221013.15372125804
166000.0,232971.9684907794,66971.9684907794
535000.0,564790.4648047835,29790.464804783463
500000.0,537433.018491894,37433.01849189401
400000.0,454932.6321223676,54932.63212236762
350000.0,239025.65265107155,-110974.34734892845
465000.0,658332.6284222305,193332.62842223048
665000.0,529640.6254400015,-135359.3745599985
587000.0,718224.7052934766,131224.70529347658
397990.0,358533.2809840143,-39456.71901598573
295000.0,274723.9327683449,-20276.06723165512
273500.0,155321.71242943406,-118178.28757056594
489990.0,425102.38698513806,-64887.61301486194
278500.0,205305.05708108842,-73194.94291891158
340000.0,243605.61762180924,-96394.38237819076
210490.0,-1321.6029799580574,-211811.60297995806
436952.0,476035.94224205613,39083.94224205613
267500.0,288462.4164208025,20962.416420802474
713400.0,916739.2915558815,203339.2915558815
669500.0,649153.2034853101,-20346.796514689922
240000.0,196066.6431632638,-43933.3568367362
680000.0,592321.6068225056,-87678.3931774944
325250.0,246076.64783415198,-79173.35216584802
305000.0,316175.498854205,11175.498854205012
209000.0,289300.05796436965,80300.05796436965
505000.0,478727.8059422523,-26272.19405774772
799950.0,877681.9774085581,77731.97740855813
510000.0,576476.8692410141,66476.86924101412
780000.0,832775.3768451959,52775.37684519589
808000.0,886000.0849881619,78000.08498816192
1538000.0,1057819.757746771,-480180.242253229
720000.0,747109.7212276012,27109.72122760117
185000.0,268685.03749355674,83685.03749355674
341000.0,445360.32776635885,104360.32776635885
554990.0,477670.3126218766,-77319.6873781234
441000.0,500048.3164073229,59048.31640732288
840000.0,1146675.8075147867,306675.8075147867
515000.0,459643.04848866165,-55356.95151133835
89950.0,68788.14569109678,-21161.854308903217
340500.0,356027.4273084402,15527.427308440208
319900.0,355438.96327137947,35538.96327137947
420000.0,682892.3637646139,262892.36376461387
242500.0,218024.28293597698,-24475.717064023018
613500.0,649678.2254891247,36178.225489124656
380500.0,413347.924494341,32847.924494341016
685000.0,893657.9910129607,208657.99101296067
400000.0,405197.6430852115,5197.643085211515
543000.0,461695.553937763,-81304.44606223702
317500.0,342114.3044079691,24614.304407969117
690000.0,741210.5932354778,51210.593235477805
271950.0,470921.2783547044,198971.27835470438
281000.0,58168.25923855603,-222831.74076144397
844000.0,957132.5686990321,113132.56869903207
400000.0,503799.6172590405,103799.61725904047
524950.0,532772.3533423543,7822.353342354298
234500.0,344183.023049742,109683.02304974198
490000.0,475546.77800773084,-14453.221992269158
2600000.0,2125542.504243374,-474457.49575662613
471000.0,526161.9651174992,55161.96511749923
435000.0,285430.1917299628,-149569.80827003717
614000.0,827067.977380231,213067.97738023102
444950.0,479926.57561808825,34976.575618088245
268500.0,152684.22122693062,-115815.77877306938
516000.0,495907.4875358045,-20092.51246419549
229950.0,306161.1900065392,76211.19000653923
315000.0,395639.73290228844,80639.73290228844
606000.0,564790.0408640206,-41209.959135979414
189950.0,38128.691041082144,-151821.30895891786
260000.0,287564.96457996964,27564.964579969645
343000.0,333894.4685705751,-9105.531429424882
235000.0,213826.81657876074,-21173.183421239257
347500.0,253615.27777692676,-93884.72222307324
310000.0,272397.81376852095,-37602.18623147905
246500.0,152508.0157455057,-93991.98425449431
675000.0,728658.5231098086,53658.523109808564
417000.0,439830.5711110383,22830.571111038327
850000.0,1065622.328387946,215622.3283879459
453250.0,410416.6539052427,-42833.34609475732
370000.0,313334.6420199275,-56665.3579800725
400000.0,395403.1345165968,-4596.865483403206
435000.0,347048.1108186096,-87951.8891813904
1870000.0,1513220.62368913,-356779.37631087005
340000.0,308393.38630868495,-31606.613691315055
345000.0,308214.8321981579,-36785.16780184209
245000.0,337792.7292856574,92792.7292856574
445000.0,448704.7002326548,3704.70023265481
775000.0,881616.6989220679,106616.69892206788
475000.0,397156.65716043115,-77843.34283956885
350000.0,480287.7794624567,130287.7794624567
186000.0,136619.36997325718,-49380.630026742816
1170000.0,1205826.775997147,35826.775997146964
609500.0,516767.2947295159,-92732.70527048409
260000.0,300992.0699388683,40992.069938868284
222000.0,172989.29018875957,-49010.709811240435
372000.0,332078.817200765,-39921.182799234986
635000.0,1030126.5543075055,395126.5543075055
439000.0,625069.3664510548,186069.3664510548
430000.0,412429.3750002086,-17570.624999791384
622500.0,596797.4710277617,-25702.528972238302
110000.0,29080.39048562944,-80919.60951437056
375000.0,201345.97670301795,-173654.02329698205
251000.0,138257.23401856422,-112742.76598143578
315000.0,281489.3741107434,-33510.6258892566
290000.0,429160.1265552193,139160.1265552193
549000.0,628358.5094634444,79358.50946344435
994000.0,963138.5474901497,-30861.452509850264
575000.0,608766.0617121309,33766.061712130904
1051000.0,999553.7039500326,-51446.29604996741
410000.0,538351.7500105351,128351.75001053512
1085000.0,1156243.1105728894,71243.11057288945
420000.0,429028.24623577297,9028.246235772967
300000.0,379085.76287297904,79085.76287297904
655000.0,453398.569161281,-201601.430838719
250000.0,217676.02846112847,-32323.971538871527
785950.0,1016449.767589122,230499.76758912206
375000.0,472412.4973797202,97412.49737972021
389000.0,373917.1056459099,-15082.894354090095
518380.0,530959.938982755,12579.938982754946
382000.0,523412.2035997659,141412.2035997659
420000.0,478445.9186590314,58445.91865903139
2400000.0,1658403.1521713138,-741596.8478286862
1095000.0,1031795.3897552639,-63204.610244736075
959000.0,1072719.8266790211,113719.82667902112
1250000.0,882095.3597129583,-367904.64028704166
457000.0,528909.3337484896,71909.33374848962
470000.0,616342.7868030667,146342.78680306673
2500000.0,1716105.5934178531,-783894.4065821469
675000.0,640183.6481637359,-34816.35183626413
502000.0,488254.8006030321,-13745.199396967888
285000.0,442806.2793389112,157806.27933891118
326995.0,274167.82085330784,-52827.17914669216
610360.0,554454.7479095161,-55905.252090483904
401500.0,389041.31943804026,-12458.680561959743
2575000.0,2288855.42995134,-286144.57004866004
682000.0,635797.7446400821,-46202.25535991788
915000.0,908949.8184562027,-6050.181543797255
380000.0,483897.89056402445,103897.89056402445
340000.0,340027.79162946343,27.79162946343422
218000.0,263950.4423749596,45950.44237495959
226740.0,172956.47608698905,-53783.523913010955
616950.0,700853.2034366727,83903.20343667269
550000.0,797791.6891991645,247791.6891991645
470000.0,567531.7914928049,97531.79149280488
736000.0,716158.4259614497,-19841.574038550258
608500.0,553041.2513330579,-55458.74866694212
550000.0,1028187.685928747,478187.68592874706
470000.0,445719.3563719243,-24280.64362807572
299000.0,223883.1199861616,-75116.88001383841
630000.0,1043343.8855817765,413343.8855817765
280000.0,253518.65435546637,-26481.345644533634
705000.0,1156994.34580186,451994.3458018601
548000.0,558604.849210307,10604.849210307002
250000.0,288201.319623515,38201.31962351501
550000.0,310268.2972820252,-239731.70271797478
423000.0,303746.4789047092,-119253.52109529078
392500.0,276471.2704194635,-116028.72958053648
1980000.0,1696118.6269676983,-283881.37303230166
424950.0,504548.04460436106,79598.04460436106
287500.0,310302.7834470421,22802.783447042108
295000.0,171838.22322794795,-123161.77677205205
220000.0,202746.03240311146,-17253.967596888542
247500.0,407507.73434093595,160007.73434093595
254000.0,164078.40393781662,-89921.59606218338
245500.0,148607.16766117513,-96892.83233882487
331210.0,454947.7186355442,123737.71863554418
469000.0,390783.07723630965,-78216.92276369035
339900.0,440003.61888739467,100103.61888739467
330675.0,307495.33978520334,-23179.660214796662
290000.0,364820.1303833723,74820.1303833723
435000.0,485157.8021146655,50157.80211466551
680000.0,545305.366332218,-134694.63366778195
201700.0,227190.990511626,25490.990511626005
530000.0,585388.8158897907,55388.815889790654
850000.0,963367.6181320995,113367.61813209951
285000.0,341993.78559565544,56993.78559565544
656000.0,552444.731660679,-103555.26833932102
307000.0,299629.4020483643,-7370.597951635718
988000.0,1176326.9474269897,188326.94742698967
564450.0,652989.1463619173,88539.14636191726
300000.0,312568.70424982905,12568.704249829054
539000.0,595626.4278139919,56626.427813991904
335000.0,420519.01246355474,85519.01246355474
1225000.0,1265102.543211013,40102.54321101308
329000.0,260049.2364564538,-68950.7635435462
680000.0,588304.7832809687,-91695.21671903133
426000.0,546050.5377367437,120050.53773674369
535100.0,597243.1045681387,62143.10456813872
283000.0,381776.408053264,98776.40805326402
224000.0,300816.00596790016,76816.00596790016
1060000.0,1189542.4894316345,129542.48943163455
457500.0,417652.5211533457,-39847.478846654296
830000.0,867404.8472772241,37404.847277224064
480000.0,615042.3620250821,135042.3620250821
325000.0,356267.4418813139,31267.44188131392
484259.0,549021.7779403031,64762.77794030309
515000.0,602047.6432313174,87047.6432313174
600000.0,527980.560650304,-72019.43934969604
207000.0,75969.32683087885,-131030.67316912115
187000.0,101010.4111970067,-85989.5888029933
290000.0,215780.07445408404,-74219.92554591596
585000.0,657082.9106682688,72082.9106682688
600000.0,744576.1440861523,144576.14408615232
305000.0,313092.5376970321,8092.537697032094
293000.0,131488.75776095688,-161511.24223904312
240000.0,237573.29679217935,-2426.703207820654
196900.0,120554.65528012812,-76345.34471987188
2238890.0,1799201.8148061186,-439688.1851938814
350000.0,369298.5546812415,19298.554681241512
489950.0,198239.74685128033,-291710.25314871967
811000.0,772373.8712385446,-38626.12876145542
510250.0,458248.04345971346,-52001.95654028654
227500.0,131468.59161117673,-96031.40838882327
295000.0,218426.65214058757,-76573.34785941243
760000.0,672300.172548145,-87699.82745185494
3000000.0,2098259.291804582,-901740.7081954181
1062000.0,953716.6821498871,-108283.31785011292
559000.0,522299.0253266096,-36700.97467339039
610000.0,787796.7521411031,177796.75214110315
1728000.0,1477982.357171625,-250017.6428283751
2600000.0,2144442.355429709,-455557.64457029104
415000.0,420754.74136044085,5754.74136044085
467000.0,469414.3162521124,2414.3162521123886
547500.0,615621.2284520715,68121.22845207155
258000.0,164424.74806949496,-93575.25193050504
210000.0,292557.94608332217,82557.94608332217
440000.0,367477.60937295854,-72522.39062704146
605000.0,855850.2950360626,250850.2950360626
259950.0,134471.91946722567,-125478.08053277433
580000.0,611542.7976420224,31542.79764202237
400000.0,424479.6069165319,24479.60691653192
1095000.0,1074818.6660205275,-20181.333979472518
1940000.0,2124615.972822368,184615.97282236814
450000.0,492011.3360493481,42011.336049348116
4000000.0,2810839.6357873976,-1189160.3642126024
203000.0,54171.991627544165,-148828.00837245584
1135000.0,1030963.7650553286,-104036.23494467139
1237500.0,1184367.5062399209,-53132.493760079145
336000.0,401161.6489522308,65161.64895223081
494995.0,470018.8306005895,-24976.169399410486
710000.0,790976.2189775705,80976.21897757053
524000.0,643949.162236467,119949.162236467
255000.0,250685.49711449444,-4314.502885505557
825000.0,1030923.6852572709,205923.68525727093
275000.0,189793.05778183043,-85206.94221816957
234000.0,156262.5904005617,-77737.40959943831
640000.0,630512.1851630956,-9487.814836904407
1110000.0,1065958.2930042893,-44041.70699571073
430000.0,487620.05723175406,57620.057231754065
335000.0,221034.45613254607,-113965.54386745393
469000.0,494812.2112339735,25812.211233973503
555000.0,690110.1602494121,135110.16024941206
562000.0,540507.7010197192,-21492.298980280757
228950.0,261519.23293928802,32569.23293928802
237500.0,106434.59476462007,-131065.40523537993
994000.0,1037767.0427745432,43767.042774543166
616300.0,746381.1912513375,130081.19125133753
487000.0,429460.9377322048,-57539.062267795205
810000.0,803831.2178406417,-6168.782159358263
577000.0,557603.1724905074,-19396.827509492636
422500.0,315063.79949583113,-107436.20050416887
279000.0,259521.71494551003,-19478.28505448997
435000.0,397710.5963305682,-37289.403669431806
335000.0,235205.26013816893,-99794.73986183107
417000.0,318434.7110390961,-98565.28896090388
675000.0,959434.7331188321,284434.7331188321
298900.0,294298.364914909,-4601.635085090995
325900.0,340635.0111886859,14735.011188685894
484000.0,696597.2188712507,212597.21887125075
300000.0,328970.5968552232,28970.59685522318
1225000.0,1067415.2409420013,-157584.75905799866
377500.0,450988.05280700326,73488.05280700326
373500.0,423706.18887352943,50206.188873529434
640000.0,803612.0120496005,163612.01204960048
1190000.0,1158848.6727986634,-31151.327201336622
357000.0,331892.5893549472,-25107.41064505279
738000.0,750162.2516048551,12162.25160485506
530000.0,604734.0707102865,74734.0707102865
215000.0,180104.66365222633,-34895.33634777367
330000.0,240456.81187947094,-89543.18812052906
375500.0,525172.7522387207,149672.75223872066
750000.0,702193.7321942002,-47806.26780579984
145000.0,91466.00531692803,-53533.99468307197
140000.0,134385.73106193542,-5614.268938064575
339999.0,337350.4298890531,-2648.5701109468937
311000.0,319862.3246885091,8862.324688509107
359950.0,334234.9197200984,-25715.080279901624
399000.0,346258.94108371437,-52741.058916285634
363000.0,399586.10328514874,36586.10328514874
485000.0,657463.4480559528,172463.4480559528
581000.0,530650.3805526346,-50349.6194473654
442500.0,355285.21937187016,-87214.78062812984
751000.0,718281.8173757792,-32718.182624220848
438000.0,415781.7171101272,-22218.28288987279
585000.0,789975.3548223525,204975.35482235253
400000.0,528373.5162442029,128373.51624420285
315000.0,357296.29655508697,42296.29655508697
348125.0,357906.9292766899,9781.929276689887
554000.0,592716.6796087772,38716.679608777165
494000.0,612755.9909489453,118755.99094894528
435000.0,535020.6652601063,100020.66526010633
428000.0,429027.17776456475,1027.1777645647526
355000.0,287359.877046749,-67640.122953251
385000.0,433749.6401684731,48749.640168473125
1583000.0,1370717.4542244226,-212282.54577557743
495000.0,424000.12493029237,-70999.87506970763
464000.0,578098.719709307,114098.71970930696
588000.0,654223.7129530907,66223.71295309067
640000.0,699104.5989767611,59104.5989767611
355000.0,343408.2277326733,-11591.772267326713
405000.0,229887.12568116188,-175112.87431883812
344950.0,441965.306725055,97015.30672505498
429950.0,417266.86156488955,-12683.13843511045
1450000.0,1254129.0069820136,-195870.99301798642
2280000.0,3090408.0529791564,810408.0529791564
460000.0,424563.7057671547,-35436.29423284531
240415.0,142849.27098722756,-97565.72901277244
499990.0,475532.97279542685,-24457.027204573154
360000.0,264563.45075687766,-95436.54924312234
1190000.0,882413.9463204145,-307586.05367958546
299500.0,275693.95591540635,-23806.044084593654
128000.0,57427.72319447994,-70572.27680552006
745000.0,1192829.15484488,447829.1548448801
614905.0,641604.7356244028,26699.73562440276
361500.0,347081.4872416407,-14418.512758359313
605000.0,699153.5454181135,94153.54541811347
358000.0,54623.303526967764,-303376.69647303224
345000.0,337092.00793619454,-7907.992063805461
1425000.0,1596079.906953618,171079.90695361793
225500.0,178366.04637268186,-47133.953627318144
307000.0,223206.31201143563,-83793.68798856437
240000.0,168964.69380651414,-71035.30619348586
955000.0,886061.2065011263,-68938.79349887371
438000.0,394848.93952423334,-43151.06047576666
700000.0,1030550.897413224,330550.897413224
485000.0,533978.0371600688,48978.03716006875
290000.0,378108.4894668609,88108.48946686089
275000.0,390185.53561629355,115185.53561629355
293000.0,235846.9384228438,-57153.061577156186
395000.0,289590.6404218823,-105409.35957811773
775000.0,730263.0381761044,-44736.96182389557
506500.0,472914.72658866644,-33585.27341133356
735000.0,786488.4920864999,51488.49208649993
825000.0,735312.7623655945,-89687.2376344055
450000.0,738882.5448138416,288882.5448138416
618000.0,559703.0547330827,-58296.94526691735
1250000.0,1105193.6718646586,-144806.3281353414
1237500.0,1368757.0270032734,131257.02700327337
950000.0,966120.879063651,16120.879063650966
729000.0,675765.1076219231,-53234.89237807691
505000.0,472126.96246016026,-32873.037539839745
1200000.0,969829.7867195755,-230170.21328042448
300000.0,213087.411163643,-86912.588836357
554950.0,649294.8951365501,94344.89513655007
712000.0,845434.0062059015,133434.0062059015
1680000.0,1974339.8080500364,294339.80805003643
489500.0,532569.3568210602,43069.35682106018
250000.0,273406.9832726717,23406.9832726717
400000.0,366057.10098962486,-33942.89901037514
287000.0,347402.05942055583,60402.05942055583
333700.0,311916.8451849073,-21783.154815092683
500000.0,438852.88644859195,-61147.11355140805
735000.0,790032.6530705541,55032.65307055414
353500.0,422220.3400967568,68720.34009675682
347500.0,420878.9415900111,73378.94159001112
1266520.0,1397989.5147698373,131469.51476983726
385000.0,499836.4712932855,114836.47129328549
330000.0,250247.32600682974,-79752.67399317026
256500.0,8289.225528106093,-248210.7744718939
385000.0,296111.3401810974,-88888.65981890261
530000.0,458664.34777504206,-71335.65222495794
260000.0,277190.265421167,17190.265421167016
240000.0,144747.5799395442,-95252.4200604558
243500.0,178600.53185130656,-64899.46814869344
998000.0,946414.2994641364,-51585.70053586364
696000.0,753289.1268283278,57289.126828327775
610000.0,618192.2850881666,8192.285088166595
817500.0,1062393.2928643823,244893.29286438227
449000.0,465830.04072214663,16830.04072214663
475000.0,473900.4360500872,-1099.5639499127865
322968.0,408085.98658780754,85117.98658780754
325000.0,415752.4787238389,90752.47872383893
289200.0,307504.4427919686,18304.442791968584
599000.0,649587.1814044863,50587.1814044863
199000.0,229605.07673425972,30605.076734259725
1337500.0,1058813.8701425195,-278686.1298574805
700000.0,693555.2294696867,-6444.770530313253
325000.0,199373.68844214082,-125626.31155785918
258500.0,244113.17858049273,-14386.821419507265
540000.0,647291.8016850054,107291.80168500543
711600.0,867934.891869247,156334.89186924696
229000.0,284981.5718553215,55981.57185532153
1052000.0,439668.0018623173,-612331.9981376827
550000.0,513188.4440124929,-36811.555987507105
238000.0,335502.3824815005,97502.3824815005
372500.0,304524.7360614091,-67975.26393859088
900000.0,1010556.258705318,110556.25870531797
950000.0,964257.2090599388,14257.209059938788
430000.0,572982.586260125,142982.58626012504
253000.0,107764.46265591681,-145235.5373440832
291375.0,354501.6052567214,63126.60525672138
308000.0,229183.34569771588,-78816.65430228412
440000.0,493000.00834293664,53000.008342936635
254000.0,309324.97003263235,55324.97003263235
445500.0,446291.59645082057,791.5964508205652
195000.0,130155.09499585629,-64844.905004143715
549000.0,498884.35711948574,-50115.642880514264
324900.0,231693.01725710928,-93206.98274289072
880000.0,616563.9493186474,-263436.0506813526
1227500.0,1265616.7722084224,38116.77220842242
680000.0,736811.858301565,56811.85830156505
840000.0,816453.6574466825,-23546.342553317547
176250.0,235339.99130696058,59089.99130696058
810000.0,770003.6026289612,-39996.397371038795
407500.0,491335.50931692123,83835.50931692123
585000.0,337790.05043034256,-247209.94956965744
425000.0,391818.8197403103,-33181.18025968969
660000.0,571994.8114637583,-88005.18853624165
613000.0,800358.6274242997,187358.62742429972
496752.0,562136.63836582,65384.63836582005
424950.0,346148.27583506703,-78801.72416493297
463000.0,820180.9927663207,357180.9927663207
370000.0,333440.2512214035,-36559.74877859652
630000.0,600731.9765391946,-29268.023460805416
465000.0,445715.3447434008,-19284.655256599188
513000.0,555151.7990524173,42151.79905241728
383000.0,402886.34525328875,19886.345253288746
925000.0,847954.1322404593,-77045.86775954068
1625000.0,1434233.9895002544,-190766.0104997456
382500.0,413324.04155282676,30824.041552826762
353750.0,226527.72469078004,-127222.27530921996
1370000.0,1191312.0370154828,-178687.96298451722
325000.0,301227.03611575067,-23772.96388424933
340500.0,397228.40532678366,56728.40532678366
415000.0,338829.9176776856,-76170.08232231438
747500.0,648606.1049981862,-98893.89500181377
570000.0,554791.3645685762,-15208.635431423783
335000.0,282654.5429350287,-52345.45706497133
539000.0,579241.5209327936,40241.52093279362
475000.0,631877.9403149486,156877.94031494856
235000.0,131892.67283056676,-103107.32716943324
330490.0,255439.36844559014,-75050.63155440986
325000.0,392108.48318757117,67108.48318757117
557500.0,933154.5972259641,375654.59722596407
705000.0,584750.8579220325,-120249.14207796752
693000.0,621699.6756363362,-71300.32436366379
250000.0,200505.17460802197,-49494.825391978025
521000.0,459987.6837593764,-61012.31624062359
593500.0,722996.1052683145,129496.10526831448
495000.0,529507.9935340583,34507.99353405833
390000.0,397643.43642781675,7643.436427816749
418000.0,521736.30129657686,103736.30129657686
443950.0,410192.483310923,-33757.51668907702
503000.0,497800.51213921607,-5199.487860783935
515000.0,549056.3497535288,34056.34975352883
518000.0,520170.1475726217,2170.147572621703
256000.0,220119.74474412203,-35880.25525587797
430000.0,431208.0882438868,1208.0882438868284
139000.0,47444.274537816644,-91555.72546218336
550000.0,501128.7648013383,-48871.235198661685
465000.0,394812.9789298624,-70187.02107013762
340000.0,336484.97417648137,-3515.025823518634
404000.0,644996.118359521,240996.11835952103
660000.0,702818.4035956264,42818.403595626354
450000.0,931340.926067844,481340.92606784403
485000.0,546199.6941099018,61199.694109901786
430000.0,409177.92221060395,-20822.077789396048
1436000.0,1526849.7494962662,90849.74949626625
174500.0,111433.01675410569,-63066.98324589431
83000.0,67382.09345214069,-15617.906547859311
713250.0,903229.5386502296,189979.53865022957
340000.0,293076.96144786477,-46923.03855213523
201500.0,132120.70872852206,-69379.29127147794
530000.0,605165.6372854114,75165.63728541136
240000.0,109606.53305652738,-130393.46694347262
270000.0,198114.7084850967,-71885.2915149033
230000.0,329558.30801673234,99558.30801673234
265000.0,282513.0983629823,17513.098362982273
418000.0,380014.95989893377,-37985.04010106623
380000.0,395562.20225934684,15562.202259346843
385000.0,399155.66249234974,14155.662492349744
377500.0,365987.4291334152,-11512.570866584778
517500.0,441491.0698322654,-76008.93016773462
530000.0,629040.5083406717,99040.50834067166
547000.0,407980.6541918516,-139019.34580814838
414500.0,457403.770453617,42903.77045361698
322000.0,303196.66590067744,-18803.334099322557
460000.0,659689.7954445928,199689.79544459283
900000.0,588778.3841139674,-311221.6158860326
455000.0,333899.0652293116,-121100.93477068841
804100.0,727828.6962174028,-76271.30378259718
1195000.0,1440967.023936972,245967.02393697202
645000.0,760496.5805843025,115496.58058430254
406500.0,386859.7339911163,-19640.266008883715
548800.0,496128.38929258287,-52671.61070741713
235000.0,182653.67111635208,-52346.32888364792
299950.0,327479.02881269157,27529.02881269157
735000.0,719326.4208127558,-15673.579187244177
285000.0,308072.74958887696,23072.749588876963
179900.0,174410.53198866546,-5489.4680113345385
677915.0,758736.538080141,80821.53808014095
255000.0,275982.55928735435,20982.55928735435
847000.0,798385.2688522935,-48614.73114770651
221900.0,92671.07287931442,-129228.92712068558
340000.0,483448.987054795,143448.98705479503
354000.0,474943.3123379648,120943.31233796477
625500.0,623073.1036770195,-2426.896322980523
350000.0,500688.6140483618,150688.61404836178
445838.0,469291.10841047764,23453.10841047764
275000.0,131743.66800685227,-143256.33199314773
2000000.0,1567022.6018083096,-432977.39819169044
695000.0,713089.4392369986,18089.439236998558
333500.0,413775.61421765387,80275.61421765387
1062500.0,1361269.8907768875,298769.89077688754
559000.0,658373.1756385714,99373.17563857138
499950.0,442000.16220737994,-57949.83779262006
280000.0,533555.0711258799,253555.07112587988
500000.0,420377.8914043009,-79622.10859569907
469950.0,457529.07049925625,-12420.929500743747
1208000.0,1026620.0102108121,-181379.9897891879
600000.0,508878.34075018764,-91121.65924981236
333000.0,288848.88720981777,-44151.11279018223
565000.0,418950.1409802735,-146049.85901972651
370000.0,332596.6892530173,-37403.310746982694
349900.0,232942.97829021513,-116957.02170978487
498000.0,569820.6034673005,71820.60346730053
541900.0,567184.4414657503,25284.441465750337
275000.0,305496.8122328073,30496.81223280728
266000.0,232513.54272533953,-33486.45727466047
730000.0,826656.5837161243,96656.5837161243
319000.0,396148.4637350738,77148.4637350738
805000.0,665189.2838878483,-139810.71611215174
680200.0,704981.9503670037,24781.95036700368
1265000.0,1014338.9812188,-250661.01878120005
725000.0,788715.1944486052,63715.19444860518
545000.0,563111.2843814045,18111.28438140452
711000.0,728247.1171999574,17247.11719995737
546200.0,518234.3727212548,-27965.627278745174
220000.0,323895.9858414978,103895.98584149778
1010000.0,859313.5138220936,-150686.4861779064
265000.0,211410.41475984454,-53589.58524015546
267500.0,252204.02011427283,-15295.979885727167
450000.0,674046.6595403254,224046.6595403254
450000.0,434609.1824943423,-15390.817505657673
552625.0,571690.1463068724,19065.146306872368
1100000.0,1202135.639373526,102135.63937352598
665000.0,659975.7548401803,-5024.245159819722
489000.0,718501.063951835,229501.06395183504
1450000.0,1162183.5920499265,-287816.4079500735
860000.0,893266.1852995306,33266.185299530625
993500.0,1396411.9615375996,402911.96153759956
665000.0,648996.8781434894,-16003.12185651064
252350.0,220637.51265375316,-31712.48734624684
279000.0,231342.18275654316,-47657.81724345684
291000.0,243511.9060612321,-47488.09393876791
230000.0,303548.66474829614,73548.66474829614
282000.0,257139.75961139798,-24860.24038860202
980000.0,1245958.5830727667,265958.58307276666
300000.0,209185.84794019163,-90814.15205980837
328000.0,319738.58102734387,-8261.41897265613
330000.0,369858.1944850683,39858.19448506832
910000.0,911906.9550963789,1906.9550963789225
464950.0,466950.63371674716,2000.6337167471647
913000.0,962054.6537436396,49054.65374363959
320000.0,261387.94369922578,-58612.05630077422
402500.0,508064.3114423007,105564.31144230068
393820.0,513711.6312251985,119891.63122519851
245000.0,283243.1674102396,38243.16741023958
430000.0,399152.3591990471,-30847.64080095291
950000.0,1266500.2403324544,316500.24033245444
410000.0,303147.39082972705,-106852.60917027295
218000.0,114744.57059040666,-103255.42940959334
295000.0,378626.7714650482,83626.7714650482
356000.0,368532.1031320691,12532.10313206911
533000.0,492915.2386287302,-40084.76137126982
425000.0,423344.7169547081,-1655.2830452919006
760000.0,1081627.8785903454,321627.8785903454
1300000.0,1300433.6385282278,433.6385282278061
620000.0,482228.0906058997,-137771.9093941003
750000.0,808151.4655508995,58151.465550899506
170000.0,273648.46409475803,103648.46409475803
665000.0,625347.5524147004,-39652.44758529961
425996.0,438634.4648256004,12638.464825600386
284000.0,228573.45766326785,-55426.54233673215
350000.0,373105.7796135247,23105.779613524675
292500.0,248091.16606655717,-44408.83393344283
440000.0,363645.4817839116,-76354.51821608841
460000.0,506715.14341929555,46715.14341929555
568000.0,568956.3622906953,956.3622906953096
150000.0,80607.31028085947,-69392.68971914053
248000.0,152457.00191310048,-95542.99808689952
539000.0,489925.3131378144,-49074.6868621856
625000.0,496061.6547232419,-128938.34527675807
1229000.0,996832.7321991473,-232167.26780085266
324950.0,348385.6263370365,23435.62633703649
330000.0,435313.7988523096,105313.79885230958
275000.0,278202.4728550762,3202.472855076194
346950.0,362368.6111487746,15418.611148774624
455000.0,471256.80908089876,16256.809080898762
402000.0,528777.1716888398,126777.1716888398
369000.0,305577.81503582,-63422.18496417999
435000.0,312123.8385871649,-122876.16141283512
400000.0,393920.7550859153,-6079.244914084673
510000.0,735110.1134481281,225110.1134481281
461000.0,417667.63308545947,-43332.36691454053
463000.0,357229.5124723613,-105770.48752763867
479000.0,442166.5003397167,-36833.49966028333
290000.0,280761.32059016824,-9238.679409831762
335000.0,419892.5449242294,84892.54492422938
530000.0,493724.3055065125,-36275.69449348748
555000.0,554370.2289749831,-629.7710250169039
529000.0,639723.8058360815,110723.8058360815
680000.0,772306.5666570216,92306.56665702164
460000.0,451230.53854216635,-8769.461457833648
479000.0,463294.12477843463,-15705.875221565366
340000.0,283606.76504558325,-56393.23495441675
524000.0,388193.55696079135,-135806.44303920865
330000.0,370917.5969887674,40917.596988767385
499000.0,550468.9517460614,51468.951746061444
363000.0,335321.8293929547,-27678.170607045293
440000.0,593481.0327304453,153481.03273044527
583800.0,582734.9152113199,-1065.0847886800766
380000.0,176693.15990002453,-203306.84009997547
446950.0,487708.80532091856,40758.80532091856
577500.0,625783.6514361948,48283.65143619478
1165000.0,1025634.1996593326,-139365.80034066737
385000.0,220048.21775604784,-164951.78224395216
678000.0,744679.2363084406,66679.23630844057
340000.0,531720.5511654764,191720.55116547644
280000.0,204786.11082161963,-75213.88917838037
330000.0,200686.19174031913,-129313.80825968087
335000.0,451935.7689628303,116935.7689628303
502000.0,586156.5420590043,84156.5420590043
375000.0,322108.6346924156,-52891.365307584405
567500.0,546248.1410076618,-21251.85899233818
376000.0,251581.8246241212,-124418.17537587881
812000.0,695421.8791065514,-116578.12089344859
464950.0,438010.63163128495,-26939.368368715048
468000.0,385792.4542147964,-82207.54578520358
314000.0,188333.96675252914,-125666.03324747086
390000.0,328702.63814894855,-61297.36185105145
239950.0,138315.14911854267,-101634.85088145733
890776.0,735685.2785980552,-155090.72140194476
470000.0,509746.55161465704,39746.551614657044
453000.0,457690.07934986055,4690.079349860549
287500.0,365644.43993103504,78144.43993103504
750000.0,769712.2512464374,19712.25124643743
215000.0,151048.40159104764,-63951.598408952355
339950.0,388702.233227998,48752.23322799802
299000.0,183755.99019396305,-115244.00980603695
1880000.0,1953391.012199834,73391.01219983399
1810000.0,1049263.970918119,-760736.029081881
710000.0,861596.1415739805,151596.14157398045
367000.0,257125.9912108183,-109874.00878918171
702000.0,615053.2097816914,-86946.79021830857
339888.0,257628.39658369124,-82259.60341630876
199000.0,155664.24793976545,-43335.75206023455
825000.0,910576.1931213439,85576.19312134385
560000.0,667535.2850036174,107535.2850036174
575000.0,611115.7353583276,36115.73535832763
147000.0,172022.1131684035,25022.113168403506
510000.0,497843.75794637203,-12156.242053627968
229000.0,156742.87787599862,-72257.12212400138
475000.0,511523.9187942147,36523.918794214725
225000.0,113632.76110859215,-111367.23889140785
640000.0,567963.6976642013,-72036.30233579874
462000.0,514552.1507821977,52552.150782197714
212000.0,125268.84092870355,-86731.15907129645
190000.0,153118.73871086538,-36881.26128913462
460000.0,528786.7454329282,68786.7454329282
495000.0,487883.8405594826,-7116.1594405174255
261000.0,310356.5423375964,49356.54233759642
450000.0,580506.1122674942,130506.1122674942
279900.0,151925.68930642307,-127974.31069357693
243800.0,217473.76498009264,-26326.235019907355
640500.0,539602.5848234296,-100897.41517657042
687500.0,840130.4527237564,152630.45272375643
240000.0,264418.71557341516,24418.71557341516
675000.0,779735.392772451,104735.39277245104
305000.0,205229.2822483778,-99770.7177516222
275000.0,295929.4980446398,20929.498044639826
399000.0,287377.76710650325,-111622.23289349675
469950.0,506542.34579208493,36592.34579208493
622000.0,535091.318426758,-86908.68157324195
588000.0,611285.7914445549,23285.791444554925
275000.0,377237.43769575655,102237.43769575655
313000.0,313589.99925377965,589.9992537796497
509950.0,512503.7556336522,2553.7556336522102
685000.0,705470.0496438742,20470.04964387417
740000.0,602572.0586610436,-137427.94133895636
365000.0,443219.39273397624,78219.39273397624
325900.0,292404.0100391656,-33495.989960834384
645000.0,652461.564577043,7461.5645770430565
532500.0,471440.61106945574,-61059.38893054426
535610.0,541728.5775212795,6118.577521279454
137900.0,127051.9948412627,-10848.005158737302
369950.0,324607.89527115226,-45342.10472884774
361550.0,238194.5614809096,-123355.43851909041
710000.0,656982.9833112806,-53017.01668871939
340000.0,448197.79926103354,108197.79926103354
352500.0,334931.53160494566,-17568.46839505434
523000.0,510151.91739726067,-12848.082602739334
481000.0,552923.2604139894,71923.26041398942
485000.0,756005.4231777042,271005.4231777042
385000.0,297012.94919100404,-87987.05080899596
242000.0,348357.22937107086,106357.22937107086
700000.0,708101.7920635641,8101.792063564062
994000.0,1286431.3778725713,292431.37787257135
680000.0,707895.4074314982,27895.40743149817
1450000.0,1272342.5502183437,-177657.44978165627
830000.0,749145.5379995704,-80854.46200042963
545000.0,619073.5442597717,74073.5442597717
975000.0,1348828.119609341,373828.119609341
349990.0,402105.7290903628,52115.72909036279
494000.0,549564.5821801275,55564.5821801275
550000.0,541075.9473107755,-8924.052689224482
589999.0,533936.0626064986,-56062.9373935014
630000.0,672382.2993732542,42382.29937325418
491500.0,454484.8934060335,-37015.106593966484
660000.0,748446.4095468372,88446.40954683721
561600.0,601541.0152746588,39941.0152746588
550000.0,576248.9675521255,26248.967552125454
430000.0,367431.89344485104,-62568.10655514896
323000.0,398767.2659277916,75767.2659277916
403000.0,416257.6962156296,13257.696215629578
475000.0,607995.9406666756,132995.94066667557
580000.0,463122.14316777885,-116877.85683222115
342000.0,357623.8680574596,15623.868057459593
235000.0,75983.87730540335,-159016.12269459665
265000.0,319406.2736699432,54406.27366994321
1200000.0,1469649.4470963478,269649.4470963478
300000.0,275819.9475541264,-24180.052445873618
230000.0,192351.55971620977,-37648.44028379023
293000.0,377416.4091863632,84416.40918636322
398500.0,498442.20901603997,99942.20901603997
1880000.0,1232603.903133735,-647396.0968662649
550000.0,782930.6396694183,232930.63966941833
280000.0,215700.0173110813,-64299.98268891871
780000.0,1262276.0827715546,482276.0827715546
255950.0,204654.6335593462,-51295.3664406538
659950.0,740321.750462845,80371.75046284497
304400.0,252314.65137811005,-52085.34862188995
390000.0,388405.7160130739,-1594.2839869260788
455000.0,433678.59476205707,-21321.405237942934
661000.0,682845.6764122695,21845.676412269473
610000.0,765919.1956892014,155919.19568920135
285000.0,361277.34426918626,76277.34426918626
695000.0,842700.3002344817,147700.3002344817
357500.0,363133.7287917882,5633.72879178822
750000.0,1366830.6985896826,616830.6985896826
820000.0,759232.8510852605,-60767.14891473949
745000.0,710480.7767433226,-34519.22325667739
264950.0,185765.45116841793,-79184.54883158207
390000.0,504987.1267440766,114987.12674407661
382500.0,531125.0230301768,148625.02303017676
245000.0,163635.8746790737,-81364.12532092631
785000.0,964176.108736679,179176.10873667896
657500.0,688302.2221838534,30802.222183853388
3278000.0,2398249.328357905,-879750.6716420949
360000.0,356462.9727778733,-3537.0272221267223
515000.0,794817.3566968143,279817.3566968143
345000.0,322818.5364162326,-22181.463583767414
445000.0,461143.7940312475,16143.794031247497
415000.0,395862.3485684842,-19137.651431515813
385000.0,569577.5247958004,184577.52479580045
518000.0,551001.3922929019,33001.39229290187
165000.0,36619.35222156346,-128380.64777843654
359950.0,419175.2615801543,59225.2615801543
796000.0,883125.0255512297,87125.02555122972
291000.0,154960.17227046192,-136039.82772953808
440000.0,300026.73304863274,-139973.26695136726
345000.0,500662.67180907726,155662.67180907726
495000.0,397769.23819331825,-97230.76180668175
670000.0,680244.5351947844,10244.535194784403
495000.0,546028.8784235865,51028.87842358649
447000.0,365281.55504494905,-81718.44495505095
175000.0,132594.28816989064,-42405.71183010936
449950.0,499686.416063264,49736.41606326401
508000.0,628743.8165529221,120743.81655292213
562000.0,494248.8987148106,-67751.10128518939
650000.0,630724.6198920608,-19275.380107939243
342000.0,321244.0281868279,-20755.971813172102
550000.0,576453.2967585474,26453.296758547425
445000.0,580775.1425969154,135775.14259691536
222000.0,161262.9497937262,-60737.050206273794
870000.0,1174370.8549844176,304370.85498441756
367000.0,316706.80996000767,-50293.19003999233
325000.0,-60536.38576969504,-385536.38576969504
445000.0,314000.08270926774,-130999.91729073226
2135000.0,1806023.560636565,-328976.4393634349
302000.0,130502.62240195274,-171497.37759804726
250000.0,424480.09997820854,174480.09997820854
515000.0,555245.9589403719,40245.95894037187
228000.0,160998.9561600983,-67001.04383990169
500000.0,461991.65033335984,-38008.34966664016
700000.0,657740.4416317493,-42259.55836825073
3300000.0,2210469.177364394,-1089530.822635606
163250.0,173527.91645519435,10277.916455194354
325000.0,358607.51353149116,33607.51353149116
630000.0,455339.26678316295,-174660.73321683705
449000.0,462812.6099407077,13812.609940707684
600000.0,423926.3651356846,-176073.6348643154
580000.0,455197.43284983933,-124802.56715016067
620000.0,646813.1041551381,26813.104155138135
293467.0,274867.13621018827,-18599.86378981173
265000.0,286068.3961035162,21068.39610351622
312000.0,284853.7090553194,-27146.29094468057
969000.0,978819.5947012454,9819.594701245427
797000.0,841956.4509379268,44956.45093792677
300000.0,215833.34975539148,-84166.65024460852
152000.0,35755.03255969286,-116244.96744030714
705000.0,655435.3381141573,-49564.66188584268
397500.0,417296.38407339156,19796.384073391557
1125000.0,1348520.7839863747,223520.78398637474
263000.0,191645.98731076717,-71354.01268923283
675000.0,768316.2213535905,93316.22135359049
536000.0,571404.4208478779,35404.42084787786
330000.0,213203.77667301893,-116796.22332698107
165000.0,256290.05710808933,91290.05710808933
1289000.0,1048467.8139943928,-240532.18600560725
615000.0,696455.9326684624,81455.9326684624
660000.0,650473.2846946418,-9526.715305358171
469000.0,507769.05271199346,38769.052711993456
221000.0,205165.60167349875,-15834.39832650125
557500.0,712106.5373816192,154606.53738161922
516250.0,481217.0902941525,-35032.9097058475
3200000.0,1970912.3500798345,-1229087.6499201655
720000.0,778720.8641546667,58720.86415466666
890000.0,1065993.1874951571,175993.18749515712
315500.0,325792.34409448504,10292.344094485044
794500.0,812033.4712572694,17533.471257269382
655000.0,1202352.5912683457,547352.5912683457
260000.0,323118.59163586795,63118.59163586795
284000.0,269182.0090945363,-14817.990905463696
606000.0,769487.6447635889,163487.6447635889
255000.0,226664.0947600156,-28335.905239984393
280000.0,196572.78117507696,-83427.21882492304
432000.0,445493.9246557057,13493.92465570569
375000.0,426270.4649102837,51270.464910283685
835000.0,927701.4189210832,92701.41892108321
266000.0,251753.0860826075,-14246.913917392492
550000.0,572118.4108047187,22118.410804718733
374000.0,305113.5961867869,-68886.40381321311
590000.0,698922.2539791316,108922.25397913158
257500.0,125331.12333886325,-132168.87666113675
452500.0,449035.64016495645,-3464.3598350435495
340000.0,621107.7667821348,281107.7667821348
575000.0,536118.8096998036,-38881.19030019641
395000.0,486923.8812507689,91923.8812507689
549950.0,793264.0498782396,243314.04987823963
400000.0,480280.3824342191,80280.38243421912
482000.0,578783.8251592666,96783.82515926659
243500.0,349163.17949429154,105663.17949429154
371500.0,403950.9710149765,32450.9710149765
599000.0,876281.9950010478,277281.99500104785
528000.0,475723.39753624797,-52276.60246375203
238000.0,183748.00529402494,-54251.994705975056
500000.0,628522.2051631659,128522.20516316593
531000.0,530030.1783273518,-969.8216726481915
479950.0,569914.0404379964,89964.04043799639
365000.0,363617.3909570575,-1382.609042942524
412500.0,368729.168329224,-43770.83167077601
445000.0,369059.47217817605,-75940.52782182395
1150000.0,872001.1123643368,-277998.88763566315
594491.0,667603.3724571317,73112.37245713174
575000.0,688691.3086430132,113691.30864301324
261000.0,89842.4146849215,-171157.5853150785
277000.0,190288.0387686789,-86711.9612313211
780000.0,506603.71976932883,-273396.28023067117
1135000.0,1200523.7703139484,65523.77031394839
282000.0,277069.62883900106,-4930.3711609989405
780000.0,1039498.111226812,259498.111226812
1488000.0,1697216.3607265204,209216.36072652042
1350000.0,1267536.2183107138,-82463.78168928623
200000.0,255294.05258247256,55294.05258247256
245000.0,243560.4508728385,-1439.5491271615028
478830.0,554323.1359684169,75493.13596841693
452000.0,516878.81827533245,64878.81827533245
355000.0,292115.99417437613,-62884.00582562387
700000.0,534954.4038757682,-165045.59612423182
220000.0,294873.6528778821,74873.65287788212
245000.0,242004.46391919255,-2995.5360808074474
730000.0,507950.7161323577,-222049.28386764228
355000.0,299798.56650178134,-55201.433498218656
642860.0,561001.9890361726,-81858.01096382737
290000.0,304686.17018055916,14686.170180559158
205000.0,132272.53617949784,-72727.46382050216
538000.0,606645.4256564379,68645.42565643787
799000.0,877100.262634635,78100.26263463497
575000.0,494506.81613846123,-80493.18386153877
170000.0,52435.92021626234,-117564.07978373766
639000.0,601708.205883339,-37291.79411666095
335000.0,256429.42952425778,-78570.57047574222
543115.0,628642.9985317439,85527.99853174388
352500.0,444693.62792520225,92193.62792520225
500000.0,487213.8990702182,-12786.100929781795
356000.0,262741.1987746507,-93258.8012253493
393500.0,422305.5722577274,28805.572257727385
425000.0,387167.865146175,-37832.13485382497
333000.0,383699.3310586363,50699.33105863631
880000.0,983600.0400198251,103600.0400198251
398750.0,599515.4126331359,200765.41263313591
290000.0,337081.582637012,47081.582637012005
1800000.0,1652153.2718396187,-147846.72816038132
875000.0,794551.010957405,-80448.98904259503
575700.0,619300.1238792539,43600.123879253864
446000.0,304001.6413986683,-141998.3586013317
280000.0,344450.0239549428,64450.02395494282
542000.0,492003.71245114505,-49996.28754885495
654500.0,621812.9227155149,-32687.0772844851
530000.0,486448.1706069261,-43551.82939307392
520000.0,367426.2120206803,-152573.7879793197
391000.0,284810.5968840867,-106189.40311591327
2400000.0,1753436.5607841462,-646563.4392158538
405000.0,450554.2537020147,45554.253702014685
427000.0,402290.1846033335,-24709.815396666527
398000.0,414314.36287237704,16314.362872377038
337000.0,348545.91520158947,11545.915201589465
270000.0,329477.27010154724,59477.27010154724
690000.0,621354.0133714676,-68645.98662853241
675750.0,731686.6430159658,55936.64301596582
205950.0,101949.64177237451,-104000.35822762549
810000.0,903330.0133182257,93330.01331822574
1031000.0,981893.3591067791,-49106.6408932209
390000.0,293402.96715047956,-96597.03284952044
358500.0,340159.76812542975,-18340.23187457025
482000.0,531921.2543298751,49921.25432987511
594866.0,630942.6168916225,36076.61689162254
299000.0,329912.9756011665,30912.975601166487
315000.0,198242.802027151,-116757.19797284901
799200.0,894945.8824304491,95745.88243044913
230000.0,190720.04700934887,-39279.95299065113
730000.0,705081.3694589436,-24918.630541056395
340000.0,287461.3705916554,-52538.62940834463
660000.0,604454.2319518775,-55545.768048122525
310000.0,266336.09246221185,-43663.90753778815
185000.0,80466.7500102669,-104533.2499897331
660000.0,792339.8934631646,132339.89346316457
714000.0,665181.0424779952,-48818.95752200484
789500.0,832802.9116658866,43302.91166588664
275000.0,180393.4523459077,-94606.54765409231
220000.0,164668.45949086547,-55331.54050913453
3850000.0,2757374.3447034955,-1092625.6552965045
757500.0,900575.6010115594,143075.60101155937
272450.0,191638.80290225148,-80811.19709774852
163000.0,215883.96811138093,52883.968111380935
480000.0,488060.0449524075,8060.044952407479
501000.0,682571.9140990674,181571.91409906745
439950.0,425755.1512224376,-14194.84877756238
169100.0,260872.570624426,91772.570624426
362000.0,352308.2484767586,-9691.7515232414
753000.0,681028.0798612684,-71971.9201387316
322000.0,214092.08819147944,-107907.91180852056
462500.0,445715.9944757819,-16784.005524218082
850000.0,817380.9924883842,-32619.007511615753
490600.0,616325.6994442195,125725.69944421947
579000.0,626457.5396051258,47457.539605125785
136500.0,72858.12712006271,-63641.87287993729
400000.0,409583.8726069182,9583.872606918216
334000.0,306266.8286588192,-27733.1713411808
491000.0,488289.84938269854,-2710.150617301464
532000.0,615897.9301635623,83897.9301635623
490000.0,458757.48427678645,-31242.515723213553
331000.0,501336.12990504503,170336.12990504503
780000.0,757350.2841835767,-22649.715816423297
466000.0,403194.56179498136,-62805.43820501864
532500.0,498904.3060324192,-33595.693967580795
1326000.0,1080837.170340985,-245162.82965901494
350000.0,485307.40558832884,135307.40558832884
457000.0,605837.573754102,148837.573754102
475000.0,438289.994583413,-36710.005416586995
230000.0,139240.00445084274,-90759.99554915726
330000.0,380817.32137447596,50817.321374475956
415885.0,354989.97489884496,-60895.02510115504
2250000.0,1393467.790015921,-856532.209984079
405000.0,284813.28314840794,-120186.71685159206
462000.0,644982.6980626881,182982.6980626881
578000.0,551075.5953772813,-26924.404622718692
690500.0,656610.3701094091,-33889.629890590906
528000.0,496390.77268360555,-31609.22731639445
575000.0,658703.1968178153,83703.1968178153
600000.0,575186.8581750542,-24813.141824945807
749950.0,734307.0300216675,-15642.96997833252
1740000.0,1449612.9689590335,-290387.0310409665
1100000.0,1119792.4689892828,19792.468989282846
562000.0,568635.3448103219,6635.344810321927
2095000.0,1492382.877542153,-602617.122457847
635000.0,722573.1850646585,87573.18506465852
410000.0,530028.8336570263,120028.83365702629
299000.0,206804.17713563144,-92195.82286436856
1150000.0,1289764.6077434868,139764.60774348676
257500.0,166195.0530474037,-91304.9469525963
747450.0,600921.0628458112,-146528.93715418875
388000.0,516547.47485767305,128547.47485767305
675000.0,748228.9966545701,73228.9966545701
1525000.0,1534132.4361177534,9132.436117753386
288000.0,251988.36632674932,-36011.633673250675
950000.0,951841.5810636282,1841.5810636281967
575000.0,548338.5565841347,-26661.443415865302
532500.0,519566.61629363894,-12933.383706361055
526500.0,554896.1733931005,28396.1733931005
329500.0,438621.79396501184,109121.79396501184
230000.0,186533.081605345,-43466.91839465499
330000.0,340965.9058576375,10965.905857637525
587100.0,687489.289731726,100389.28973172605
1030000.0,1269910.7299412638,239910.7299412638
730000.0,779888.1108352691,49888.11083526909
490000.0,516339.4283141047,26339.428314104676
502000.0,417937.46541047096,-84062.53458952904
353000.0,286101.8768347204,-66898.12316527963
421000.0,354843.9624272287,-66156.03757277131
289950.0,219122.32455445826,-70827.67544554174
357000.0,302188.39197152853,-54811.60802847147
505000.0,549543.8459177166,44543.84591771662
925000.0,770845.5847377479,-154154.4152622521
1150000.0,1022977.5621127784,-127022.43788722157
315000.0,315207.7031020373,207.7031020373106
425000.0,485979.4651812315,60979.4651812315
775000.0,679455.9366931319,-95544.06330686808
349500.0,371726.80883565545,22226.80883565545
312000.0,273789.8767617047,-38210.12323829532
297000.0,282563.22384281456,-14436.776157185435
540000.0,660760.2228044122,120760.22280441225
439800.0,406062.0468200296,-33737.953179970384
350000.0,282203.83189186454,-67796.16810813546
430000.0,336804.8111782223,-93195.1888217777
435000.0,487531.8830110729,52531.883011072874
348000.0,352408.8586950451,4408.858695045114
1065000.0,819024.9232220799,-245975.07677792013
654000.0,752264.8384174109,98264.83841741085
228950.0,167813.49492505193,-61136.50507494807
610000.0,1233144.9637582302,623144.9637582302
1275000.0,1094907.4444569647,-180092.55554303527
331000.0,420653.7783023268,89653.7783023268
328000.0,352828.0877145529,24828.08771455288
292000.0,307354.6631556004,15354.663155600429
115000.0,139391.94151224196,24391.94151224196
1202500.0,1123753.480155751,-78746.51984424889
1290000.0,1138068.4131716788,-151931.58682832122
710000.0,847065.9157962501,137065.9157962501
592500.0,642451.0385308713,49951.03853087127
314500.0,353652.9773693532,39152.977369353175
287500.0,334821.1610700786,47321.16107007861
340000.0,459340.9586546421,119340.9586546421
209950.0,151764.6272509247,-58185.37274907529
437000.0,403763.14531314373,-33236.85468685627
305000.0,289831.19052770734,-15168.809472292662
310000.0,303444.41094209254,-6555.589057907462
356000.0,437546.8469257057,81546.84692570567
440000.0,359511.23034380376,-80488.76965619624
760000.0,783671.0379819572,23671.037981957197
589000.0,574746.1706279665,-14253.829372033477
256500.0,293619.28511834145,37119.285118341446
399950.0,455282.61302001774,55332.61302001774
416500.0,366604.3193730414,-49895.68062695861
173250.0,252942.54958294332,79692.54958294332
375000.0,417062.2034972757,42062.20349727571
275000.0,45551.33007964492,-229448.66992035508
389999.0,284616.60139761865,-105382.39860238135
483000.0,662906.0983161181,179906.09831611812
252000.0,218482.24683387578,-33517.753166124225
685000.0,708356.9460738897,23356.946073889732
698000.0,747081.758335188,49081.75833518803
482500.0,444101.81971924007,-38398.18028075993
850000.0,1028805.4095787704,178805.4095787704
500012.0,491821.0718650073,-8190.928134992719
655000.0,743644.4070822746,88644.40708227456
750000.0,652085.5873604119,-97914.41263958812
663000.0,573674.0621127933,-89325.93788720667
383000.0,598150.9738316238,215150.9738316238
290000.0,384301.05495916307,94301.05495916307
305000.0,470336.1785366237,165336.17853662372
206000.0,170964.59011891484,-35035.40988108516
265000.0,147598.12472434342,-117401.87527565658
541000.0,513212.4574854821,-27787.542514517903
205000.0,163127.1446210593,-41872.8553789407
430000.0,609448.7677267194,179448.76772671938
450000.0,434088.2842249423,-15911.715775057673
779000.0,849371.5685681552,70371.56856815517
335000.0,400465.606247589,65465.60624758899
115000.0,102815.25092503428,-12184.749074965715
505000.0,514010.03297522664,9010.03297522664
182000.0,49489.99612186849,-132510.0038781315
1075000.0,1282591.534062907,207591.5340629071
460000.0,718113.2746885121,258113.2746885121
325000.0,306687.87913407385,-18312.120865926147
282000.0,207819.19404552877,-74180.80595447123
520000.0,596407.3492646962,76407.34926469624
650000.0,729691.044739008,79691.04473900795
427500.0,522181.86420191824,94681.86420191824
660000.0,720097.3157235533,60097.3157235533
569950.0,575444.618372634,5494.618372634053
700000.0,569454.1211096048,-130545.87889039516
369900.0,726442.1957394481,356542.19573944807
358000.0,433683.9819159955,75683.98191599548
279500.0,252642.74374642968,-26857.25625357032
678000.0,703383.5890966952,25383.589096695185
895000.0,917409.997924611,22409.997924610972
400000.0,439264.6903705299,39264.69037052989
273000.0,226172.3613871485,-46827.6386128515
1378000.0,1080462.5761700273,-297537.42382997274
432000.0,554102.102403611,122102.10240361094
260000.0,146560.840997383,-113439.159002617
215000.0,119138.29917450249,-95861.70082549751
421000.0,523647.4369737208,102647.43697372079
433000.0,400036.6047219485,-32963.395278051496
315000.0,217797.64377993345,-97202.35622006655
798500.0,1072484.4982384592,273984.49823845923
395000.0,527630.5062367171,132630.5062367171
695000.0,635435.7853945494,-59564.21460545063
769000.0,815712.4123563021,46712.41235630214
307635.0,301033.2793260813,-6601.720673918724
305000.0,188653.85939918458,-116346.14060081542
1300000.0,1216241.9245424867,-83758.07545751333
510000.0,544196.5056233406,34196.50562334061
355000.0,292319.4321155101,-62680.567884489894
655000.0,833781.5768966079,178781.57689660788
567000.0,787475.4954799563,220475.49547995627
575575.0,549619.1457070559,-25955.854292944074
470000.0,394294.10378713906,-75705.89621286094
425500.0,433664.85525394976,8164.855253949761
590000.0,814363.1605644822,224363.1605644822
302000.0,521796.3446390629,219796.34463906288
906000.0,1043301.931542471,137301.93154247105
605000.0,588625.2923435271,-16374.707656472921
395000.0,445840.8993368,50840.89933679998
648000.0,733006.899214536,85006.89921453595
602000.0,582879.5141279399,-19120.48587206006
445000.0,359004.1013315469,-85995.8986684531
275000.0,299775.8305134028,24775.83051340282
340000.0,369980.29714250565,29980.297142505646
578000.0,626436.5163410902,48436.5163410902
274950.0,423910.77375119925,148960.77375119925
668000.0,800173.6046049148,132173.60460491478
749995.0,787548.1493182033,37553.14931820333
250000.0,300736.3035142273,50736.30351422727
299000.0,405142.2687677592,106142.2687677592
588000.0,630221.9428166449,42221.94281664491
257100.0,184499.66479440033,-72600.33520559967
817000.0,870628.2026569396,53628.202656939626
1850000.0,1827091.293075949,-22908.706924051046
1200000.0,1283781.9002643824,83781.90026438236
425000.0,379190.25566111505,-45809.74433888495
750000.0,677288.672590524,-72711.32740947604
657000.0,561254.5457136482,-95745.4542863518
360000.0,433558.1594737768,73558.15947377682
635000.0,802479.2422002107,167479.2422002107
1127500.0,807682.2607915252,-319817.73920847476
442000.0,456050.76583717763,14050.765837177634
380000.0,592513.0842656344,212513.08426563442
635000.0,686607.9403971583,51607.940397158265
267000.0,223941.61667005718,-43058.38332994282
500000.0,1138224.696644187,638224.696644187
1149000.0,1532001.0484921336,383001.0484921336
334888.0,296761.62084056437,-38126.37915943563
365000.0,375671.18891710043,10671.18891710043
260000.0,264042.0530692786,4042.053069278598
453000.0,397179.32013723254,-55820.67986276746
579000.0,547457.0375791192,-31542.962420880795
675000.0,591596.6653486192,-83403.33465138078
790000.0,1217039.6850747466,427039.6850747466
230000.0,143396.92183493078,-86603.07816506922
296475.0,189847.60922132432,-106627.39077867568
365000.0,532098.8434103876,167098.84341038764
1050000.0,1002052.3335183114,-47947.66648168862
570000.0,590324.0052846372,20324.005284637213
575000.0,684192.8122909367,109192.81229093671
994900.0,952950.1335787326,-41949.86642126739
365000.0,521406.69844006,156406.69844006002
492500.0,576787.3315606564,84287.33156065643
740000.0,787635.4099258631,47635.40992586315
238000.0,288797.57800638676,50797.57800638676
399950.0,410298.6230146438,10348.623014643788
182000.0,237947.6124649942,55947.61246499419
550000.0,574137.9195687026,24137.91956870258
207950.0,244432.853383407,36482.853383407
560000.0,649634.6088792831,89634.60887928307
560000.0,571027.8191853017,11027.819185301661
204250.0,263321.23810097575,59071.23810097575
475000.0,520904.4114153385,45904.411415338516
310000.0,425682.8132933825,115682.81329338253
410000.0,288576.6379118562,-121423.36208814383
905000.0,1053753.5514422804,148753.5514422804
418000.0,392882.89705103636,-25117.102948963642
356250.0,353583.6497377604,-2666.3502622395754
520000.0,635346.1442324668,115346.14423246682
978500.0,820425.7009497732,-158074.2990502268
1042000.0,1307272.8141615242,265272.8141615242
525000.0,550200.1832520813,25200.183252081275
715000.0,776915.5339702964,61915.53397029638
850000.0,934882.50636217,84882.50636216998
759950.0,566034.8322583437,-193915.1677416563
580000.0,451864.4347522259,-128135.56524777412
735000.0,688520.0126407892,-46479.98735921085
481000.0,543102.9568923116,62102.95689231157
450000.0,508675.2256921232,58675.225692123175
540000.0,448044.2821737528,-91955.71782624722
515000.0,519518.98890836537,4518.988908365369
822500.0,698798.8830281198,-123701.1169718802
209000.0,80044.39216893911,-128955.60783106089
440000.0,482355.32779221237,42355.32779221237
325000.0,342016.178722769,17016.178722769022
455000.0,424729.8747738451,-30270.125226154923
161500.0,184205.34695018828,22705.34695018828
1120000.0,1073862.527631104,-46137.47236889601
185000.0,213727.6090758145,28727.609075814486
477500.0,525349.5202615112,47849.52026151121
250000.0,374003.7140805125,124003.71408051252
690000.0,462598.5048587471,-227401.49514125288
414999.0,478631.3621632308,63632.36216323078
425000.0,295650.0057823956,-129349.9942176044
286000.0,300793.8585386723,14793.858538672328
690000.0,771085.8330165446,81085.83301654458
515000.0,418954.81229932606,-96045.18770067394
1517000.0,1579494.3190572113,62494.31905721128
590000.0,718906.89492172,128906.89492172003
4500000.0,2528328.9330248684,-1971671.0669751316
898000.0,1140507.4358154833,242507.43581548333
355000.0,443721.6068688184,88721.6068688184
425000.0,514380.861402452,89380.86140245199
564000.0,593014.557503134,29014.557503134012
625000.0,887374.227613464,262374.227613464
305000.0,427627.80222830176,122627.80222830176
335000.0,200461.01847860217,-134538.98152139783
702500.0,716145.6418373585,13645.641837358475
468000.0,423755.7629739344,-44244.23702606559
474950.0,476299.2822446674,1349.2822446674109
1400000.0,1321691.5443106592,-78308.45568934083
294950.0,292657.3662429005,-2292.6337570995092
480000.0,725632.2256486863,245632.2256486863
333000.0,360213.51960116625,27213.51960116625
202000.0,136543.45473076403,-65456.54526923597
394000.0,582847.1310343295,188847.13103432953
761000.0,944712.8637523055,183712.8637523055
560000.0,673226.8550063968,113226.85500639677
239950.0,165379.93087801337,-74570.06912198663
588000.0,667296.4424811304,79296.44248113036
245000.0,219479.06238088012,-25520.937619119883
830000.0,631854.1642774642,-198145.83572253585
399950.0,297137.9726203233,-102812.0273796767
230000.0,180248.91251467168,-49751.08748532832
559950.0,572513.4777642041,12563.477764204144
440000.0,598713.4422751963,158713.4422751963
394950.0,420786.49961313605,25836.499613136053
425000.0,511734.1849645972,86734.18496459723
750000.0,685698.8491930664,-64301.15080693364
287000.0,335898.0318442583,48898.03184425831
477500.0,737973.7946296036,260473.79462960362
740000.0,794324.0385226458,54324.03852264583
439000.0,326032.104450196,-112967.89554980397
834000.0,1117374.6621099114,283374.66210991144
510000.0,473458.91364993155,-36541.08635006845
459995.0,428700.40386386216,-31294.596136137843
565000.0,646407.0913312435,81407.09133124352
665000.0,608561.4943771213,-56438.50562287867
259500.0,194587.80140283704,-64912.19859716296
2888000.0,2354519.196406707,-533480.8035932928
565000.0,589966.9543931931,24966.954393193126
423800.0,604001.7454774827,180201.74547748268
359950.0,341588.9691261947,-18361.030873805285
325000.0,298971.1749814153,-26028.82501858473
497000.0,509304.6787586063,12304.678758606315
510000.0,615883.8266169876,105883.82661698759
355000.0,342443.6165564209,-12556.383443579078
545000.0,880710.3008918315,335710.3008918315
1050000.0,1243105.8544452637,193105.85444526374
1400000.0,1712887.990847692,312887.9908476919
230000.0,178616.13887263834,-51383.861127361655
270000.0,400336.6502120942,130336.65021209419
1090000.0,1154854.0905108452,64854.090510845184
2400000.0,1818092.1117257327,-581907.8882742673
334999.0,295134.05234640837,-39864.94765359163
234500.0,221610.4724177271,-12889.527582272887
430100.0,424043.0473714322,-6056.952628567815
410000.0,332268.1291042119,-77731.87089578807
527500.0,494242.8390712291,-33257.1609287709
262500.0,232918.26804214716,-29581.73195785284
390000.0,371691.4235420972,-18308.57645790279
1035000.0,787544.8620124459,-247455.13798755407
680000.0,656584.6644397378,-23415.335560262203
836000.0,750298.0305770934,-85701.96942290664
605000.0,546134.8214355558,-58865.178564444184
220000.0,190920.16723673046,-29079.832763269544
871000.0,839867.6378806084,-31132.36211939156
625000.0,615021.6266314238,-9978.373368576169
295000.0,340910.17536734045,45910.175367340446
449888.0,619230.233397901,169342.23339790106
582800.0,558765.7684683055,-24034.23153169453
273000.0,261093.69281037152,-11906.307189628482
390000.0,374038.64022386074,-15961.35977613926
930000.0,911140.9870304614,-18859.01296953857
529000.0,558528.0312042534,29528.031204253435
665000.0,698027.8468004018,33027.84680040181
340000.0,377004.5611552298,37004.56115522981
765000.0,627880.3629513085,-137119.6370486915
333000.0,230011.4134119451,-102988.5865880549
760000.0,762981.2671875954,2981.2671875953674
410000.0,494908.0062790066,84908.0062790066
731000.0,907806.630007565,176806.63000756502
725000.0,827469.0600631386,102469.0600631386
355000.0,300565.49228170514,-54434.50771829486
537000.0,1141878.1882364005,604878.1882364005
276000.0,516107.8998169899,240107.8998169899
221347.0,183035.55053021014,-38311.44946978986
730000.0,583257.7643596828,-146742.2356403172
430000.0,146489.89827136695,-283510.10172863305
650000.0,1314055.8354734182,664055.8354734182
668500.0,657778.3993049264,-10721.600695073605
848750.0,855061.4424416721,6311.442441672087
210000.0,182568.25274565816,-27431.74725434184
295000.0,134209.43190060556,-160790.56809939444
990000.0,1394852.2073276937,404852.2073276937
369500.0,418304.0405716747,48804.040571674705
734000.0,647590.9940810204,-86409.00591897964
405000.0,250950.1838092953,-154049.8161907047
655000.0,640756.9828087687,-14243.01719123125
399950.0,480382.94172637165,80432.94172637165
425000.0,319184.7944562137,-105815.20554378629
306000.0,297768.6606246829,-8231.339375317097
252000.0,217761.29561673105,-34238.70438326895
302000.0,238932.01022565365,-63067.98977434635
285000.0,297619.57921795547,12619.57921795547
1940000.0,1643245.519006446,-296754.480993554
649950.0,641961.4977405071,-7988.502259492874
285000.0,327413.5255962312,42413.52559623122
677100.0,717468.0345318168,40368.03453181684
382000.0,557214.9082268775,175214.90822687745
219950.0,138732.43648815155,-81217.56351184845
459000.0,439886.7305352241,-19113.26946477592
517534.0,-116812.44999791682,-634346.4499979168
365000.0,275683.2558532208,-89316.74414677918
310000.0,580335.5377009958,270335.5377009958
430000.0,298961.93892225623,-131038.06107774377
497950.0,366317.3779388368,-131632.6220611632
716528.0,590637.6248766184,-125890.37512338161
279000.0,220689.85425053537,-58310.14574946463
825000.0,1019446.4576874226,194446.45768742263
165000.0,234241.12657284737,69241.12657284737
615000.0,556371.6569777727,-58628.34302222729
300000.0,315393.5073968172,15393.507396817207
184000.0,200178.02391462028,16178.02391462028
625000.0,587700.8620776087,-37299.137922391295
360000.0,378562.3608519286,18562.36085192859
260000.0,243803.94758602977,-16196.052413970232
350000.0,374182.4059600085,24182.405960008502
650000.0,702206.3297953159,52206.32979531586
380000.0,455143.2445101291,75143.2445101291
920000.0,1027323.8806740046,107323.88067400455
238000.0,180915.37093611062,-57084.629063889384
350000.0,438642.00183561444,88642.00183561444
839000.0,919054.0110654831,80054.0110654831
359950.0,349408.9168514013,-10541.083148598671
322000.0,256940.61250822246,-65059.38749177754
199000.0,202366.28855906427,3366.288559064269
615000.0,393650.8784826696,-221349.1215173304
265000.0,199357.82519353926,-65642.17480646074
1190000.0,1482024.6990339607,292024.6990339607
338000.0,341092.55939905345,3092.5593990534544
673000.0,698377.5448238701,25377.544823870063
285000.0,471918.85381035507,186918.85381035507
605000.0,660958.0987680703,55958.09876807034
356500.0,368164.17615780234,11664.176157802343
